Year,LEA,LEA Name,School,School Name,Rating,Total Points Earned Percentage,Percentile Rank Elementary,Percentile Rank Middle,Percentile Rank High,Create Date
2022,01,Allegany,0301,Flintstone Elementary,4,62,53,na,na,20230303
2022,01,Allegany,0401,South Penn Elementary,3,49,24,na,na,20230303
2022,01,Allegany,0402,John Humbird Elementary,3,53,32,na,na,20230303
2022,01,Allegany,0405,Fort Hill High,3,46,na,na,23,20230303
2022,01,Allegany,0406,Washington Middle,3,47,na,40,na,20230303
2022,01,Allegany,0502,Northeast Elementary,5,75,80,na,na,20230303
2022,01,Allegany,0504,Braddock Middle,2,42,na,31,na,20230303
2022,01,Allegany,0601,Center for Career & Technical Education,4,60,na,na,58,20230303
2022,01,Allegany,0603,West Side Elementary,3,56,38,na,na,20230303
2022,01,Allegany,0606,Allegany High,3,55,na,na,43,20230303
2022,01,Allegany,0701,Cresaptown Elementary,4,72,73,na,na,20230303
2022,01,Allegany,0702,Bel Air Elementary,5,76,82,na,na,20230303
2022,01,Allegany,0801,Westernport Elementary,4,67,63,na,na,20230303
2022,01,Allegany,0802,Westmar Middle,2,38,na,23,na,20230303
2022,01,Allegany,1001,George's Creek Elementary,3,54,34,na,na,20230303
2022,01,Allegany,1101,Frost Elementary,5,80,92,na,na,20230303
2022,01,Allegany,1301,Mount Savage Middle,4,70,na,86,na,20230303
2022,01,Allegany,1302,Mt. Savage Elementary,4,62,53,na,na,20230303
2022,01,Allegany,2404,Mountain Ridge High School,3,54,na,na,40,20230303
2022,01,Allegany,2801,Beall Elementary,4,71,72,na,na,20230303
2022,01,Allegany,2901,Cash Valley Elementary,5,76,83,na,na,20230303
2022,01,Allegany,2902,Parkside Elementary,5,78,86,na,na,20230303
2022,02,Anne Arundel,1023,Brooklyn Park Middle,3,47,na,41,na,20230303
2022,02,Anne Arundel,1033,Glen Burnie High,3,50,na,na,31,20230303
2022,02,Anne Arundel,1043,Corkran Middle School,3,46,na,37,na,20230303
2022,02,Anne Arundel,1053,Lindale Middle,3,52,na,54,na,20230303
2022,02,Anne Arundel,1063,Marley Middle,3,46,na,37,na,20230303
2022,02,Anne Arundel,1082,Belle Grove Elementary,3,46,18,na,na,20230303
2022,02,Anne Arundel,1092,Brooklyn Park Elementary,3,47,21,na,na,20230303
2022,02,Anne Arundel,1112,George T. Cromwell Elementary,3,58,43,na,na,20230303
2022,02,Anne Arundel,1122,Freetown Elementary,3,48,22,na,na,20230303
2022,02,Anne Arundel,1132,Glendale Elementary,4,60,48,na,na,20230303
2022,02,Anne Arundel,1142,Hilltop Elementary,3,47,21,na,na,20230303
2022,02,Anne Arundel,1152,Linthicum Elementary,4,65,59,na,na,20230303
2022,02,Anne Arundel,1162,Marley Elementary,3,59,46,na,na,20230303
2022,02,Anne Arundel,1172,North Glen Elementary,3,52,30,na,na,20230303
2022,02,Anne Arundel,1182,Oakwood Elementary,3,58,44,na,na,20230303
2022,02,Anne Arundel,1192,Overlook Elementary,3,56,39,na,na,20230303
2022,02,Anne Arundel,1202,Park Elementary,4,63,57,na,na,20230303
2022,02,Anne Arundel,1212,Point Pleasant Elementary,3,59,47,na,na,20230303
2022,02,Anne Arundel,1232,Quarterfield Elementary,4,61,49,na,na,20230303
2022,02,Anne Arundel,1242,Richard Henry Lee Elementary,3,59,45,na,na,20230303
2022,02,Anne Arundel,1262,Woodside Elementary,3,50,27,na,na,20230303
2022,02,Anne Arundel,1323,North County High,3,50,na,na,30,20230303
2022,02,Anne Arundel,2013,Severna Park High,5,79,na,na,95,20230303
2022,02,Anne Arundel,2023,Northeast High,3,57,na,na,48,20230303
2022,02,Anne Arundel,2033,Northeast Middle,3,49,na,44,na,20230303
2022,02,Anne Arundel,2043,Severna Park Middle,5,83,na,99,na,20230303
2022,02,Anne Arundel,2052,Arnold Elementary,5,80,92,na,na,20230303
2022,02,Anne Arundel,2062,Belvedere Elementary,5,76,83,na,na,20230303
2022,02,Anne Arundel,2072,Benfield Elementary,5,93,99,na,na,20230303
2022,02,Anne Arundel,2082,Bodkin Elementary,5,86,98,na,na,20230303
2022,02,Anne Arundel,2092,Cape St. Claire Elementary,5,81,92,na,na,20230303
2022,02,Anne Arundel,2102,Folger Mckinsey Elementary,5,88,99,na,na,20230303
2022,02,Anne Arundel,2112,Fort Smallwood Elementary,5,75,80,na,na,20230303
2022,02,Anne Arundel,2132,High Point Elementary,4,64,57,na,na,20230303
2022,02,Anne Arundel,2142,Jacobsville Elementary,4,67,63,na,na,20230303
2022,02,Anne Arundel,2152,Jones Elementary,5,85,97,na,na,20230303
2022,02,Anne Arundel,2162,Lake Shore Elementary,4,71,73,na,na,20230303
2022,02,Anne Arundel,2172,Oak Hill Elementary,5,81,93,na,na,20230303
2022,02,Anne Arundel,2182,Pasadena Elementary,5,78,86,na,na,20230303
2022,02,Anne Arundel,2192,Riviera Beach Elementary,4,70,71,na,na,20230303
2022,02,Anne Arundel,2202,Severna Park Elementary,5,88,99,na,na,20230303
2022,02,Anne Arundel,2212,Solley Elementary,4,62,54,na,na,20230303
2022,02,Anne Arundel,2222,Sunset Elementary,4,74,77,na,na,20230303
2022,02,Anne Arundel,2233,Anne Arundel Evening High,1,27,na,na,1,20230303
2022,02,Anne Arundel,2243,Magothy River Middle,4,72,na,90,na,20230303
2022,02,Anne Arundel,2273,Chesapeake High,4,61,na,na,59,20230303
2022,02,Anne Arundel,2322,Broadneck Elementary,5,78,88,na,na,20230303
2022,02,Anne Arundel,2363,Broadneck High,4,71,na,na,84,20230303
2022,02,Anne Arundel,2372,Windsor Farm Elementary,4,74,78,na,na,20230303
2022,02,Anne Arundel,2413,Severn River Middle,4,69,na,83,na,20230303
2022,02,Anne Arundel,2423,Chesapeake Bay Middle,4,62,na,71,na,20230303
2022,02,Anne Arundel,2432,Shipley's Choice Elementary,5,89,99,na,na,20230303
2022,02,Anne Arundel,3013,Arundel High,4,65,na,na,70,20230303
2022,02,Anne Arundel,3023,Arundel Middle,4,67,na,81,na,20230303
2022,02,Anne Arundel,3033,MacArthur Middle,3,53,na,55,na,20230303
2022,02,Anne Arundel,3062,Brock Bridge Elementary,3,54,34,na,na,20230303
2022,02,Anne Arundel,3063,Crofton High School,4,67,na,na,76,20230303
2022,02,Anne Arundel,3072,Crofton Elementary,5,80,92,na,na,20230303
2022,02,Anne Arundel,3082,Crofton Woods Elementary,5,84,97,na,na,20230303
2022,02,Anne Arundel,3092,Seven Oaks Elementary,3,52,30,na,na,20230303
2022,02,Anne Arundel,3102,Hebron - Harman Elementary,3,56,40,na,na,20230303
2022,02,Anne Arundel,3112,Jessup Elementary,4,70,71,na,na,20230303
2022,02,Anne Arundel,3122,Manor View Elementary,4,66,62,na,na,20230303
2022,02,Anne Arundel,3132,Maryland City Elementary,3,57,42,na,na,20230303
2022,02,Anne Arundel,3142,Meade Heights Elementary,4,64,58,na,na,20230303
2022,02,Anne Arundel,3152,Van Bokkelen Elementary,2,41,12,na,na,20230303
2022,02,Anne Arundel,3162,Millersville Elementary,5,76,83,na,na,20230303
2022,02,Anne Arundel,3172,Odenton Elementary,4,64,58,na,na,20230303
2022,02,Anne Arundel,3182,Pershing Hill Elementary,4,73,75,na,na,20230303
2022,02,Anne Arundel,3192,Ridgeway Elementary,4,67,64,na,na,20230303
2022,02,Anne Arundel,3202,Severn Elementary,4,69,68,na,na,20230303
2022,02,Anne Arundel,3212,South Shore Elementary,5,77,85,na,na,20230303
2022,02,Anne Arundel,3222,Waugh Chapel Elementary,5,78,88,na,na,20230303
2022,02,Anne Arundel,3242,Piney Orchard Elementary,4,70,69,na,na,20230303
2022,02,Anne Arundel,3263,Crofton Middle,4,70,na,86,na,20230303
2022,02,Anne Arundel,3272,Four Seasons Elementary,5,82,94,na,na,20230303
2022,02,Anne Arundel,3282,Nantucket Elementary,5,82,94,na,na,20230303
2022,02,Anne Arundel,3323,Meade High,3,49,na,na,28,20230303
2022,02,Anne Arundel,3333,Old Mill Middle North,3,50,na,48,na,20230303
2022,02,Anne Arundel,3343,Old Mill Middle South,3,59,na,66,na,20230303
2022,02,Anne Arundel,3353,Old Mill High,3,58,na,na,53,20230303
2022,02,Anne Arundel,3362,Crofton Meadows Elementary,4,73,76,na,na,20230303
2022,02,Anne Arundel,3372,Glen Burnie Park Elementary,3,57,41,na,na,20230303
2022,02,Anne Arundel,3382,Southgate Elementary,3,54,35,na,na,20230303
2022,02,Anne Arundel,3392,Rippling Woods Elementary,3,58,44,na,na,20230303
2022,02,Anne Arundel,3423,Meade Middle,2,41,na,28,na,20230303
2022,02,Anne Arundel,4013,Annapolis High,3,52,na,na,34,20230303
2022,02,Anne Arundel,4023,Southern High,4,61,na,na,63,20230303
2022,02,Anne Arundel,4033,Annapolis Middle,2,38,na,22,na,20230303
2022,02,Anne Arundel,4043,Wiley H. Bates Middle,3,59,na,65,na,20230303
2022,02,Anne Arundel,4053,Southern Middle,3,59,na,65,na,20230303
2022,02,Anne Arundel,4054,AACPS Virtual Academy,4,63,49,72,73,20230303
2022,02,Anne Arundel,4074,Phoenix Academy,1,27,0,7,13,20230303
2022,02,Anne Arundel,4092,Annapolis Elementary,2,43,14,na,na,20230303
2022,02,Anne Arundel,4112,Central Elementary,4,73,75,na,na,20230303
2022,02,Anne Arundel,4122,Davidsonville Elementary,5,87,98,na,na,20230303
2022,02,Anne Arundel,4132,Deale Elementary,5,77,84,na,na,20230303
2022,02,Anne Arundel,4142,Eastport Elementary,3,48,22,na,na,20230303
2022,02,Anne Arundel,4152,Edgewater Elementary,5,75,81,na,na,20230303
2022,02,Anne Arundel,4162,Georgetown East Elementary,3,56,38,na,na,20230303
2022,02,Anne Arundel,4182,Germantown Elementary,3,56,40,na,na,20230303
2022,02,Anne Arundel,4192,Hillsmere Elementary,4,73,76,na,na,20230303
2022,02,Anne Arundel,4202,Lothian Elementary,4,60,48,na,na,20230303
2022,02,Anne Arundel,4212,Mayo Elementary,5,82,94,na,na,20230303
2022,02,Anne Arundel,4222,Walter S. Mills - Parole Elementary,3,47,21,na,na,20230303
2022,02,Anne Arundel,4232,Rolling Knolls Elementary,4,68,65,na,na,20230303
2022,02,Anne Arundel,4242,Shady Side Elementary,4,68,65,na,na,20230303
2022,02,Anne Arundel,4252,Traceys Elementary,4,64,58,na,na,20230303
2022,02,Anne Arundel,4262,Tyler Heights Elementary,3,51,29,na,na,20230303
2022,02,Anne Arundel,4272,West Annapolis Elementary,5,82,94,na,na,20230303
2022,02,Anne Arundel,4283,Central Middle,4,72,na,89,na,20230303
2022,02,Anne Arundel,4293,South River High,4,68,na,na,79,20230303
2022,02,Anne Arundel,6113,Monarch Global Academy PCS Laurel Campus,4,64,63,70,na,20230303
2022,02,Anne Arundel,6123,Monarch Academy Annapolis ES,3,48,23,na,na,20230303
2022,02,Anne Arundel,6223,Chesapeake Science Point,5,82,na,98,98,20230303
2022,02,Anne Arundel,6233,Monarch Academy,4,63,55,74,na,20230303
2022,03,Baltimore County,0101,Catonsville Elementary,4,70,70,na,na,20230303
2022,03,Baltimore County,0102,Westchester Elementary,5,77,85,na,na,20230303
2022,03,Baltimore County,0103,Westowne Elementary,4,61,51,na,na,20230303
2022,03,Baltimore County,0104,Edmondson Heights Elementary,3,46,19,na,na,20230303
2022,03,Baltimore County,0105,Johnnycake Elementary,3,48,23,na,na,20230303
2022,03,Baltimore County,0112,Dogwood Elementary,3,47,20,na,na,20230303
2022,03,Baltimore County,0113,Chadwick Elementary,3,58,44,na,na,20230303
2022,03,Baltimore County,0115,Hillcrest Elementary,4,72,74,na,na,20230303
2022,03,Baltimore County,0116,Woodbridge Elementary,4,74,77,na,na,20230303
2022,03,Baltimore County,0151,Catonsville Middle,3,52,na,54,na,20230303
2022,03,Baltimore County,0155,Southwest Academy,2,42,na,30,na,20230303
2022,03,Baltimore County,0172,Woodlawn High,2,44,na,na,20,20230303
2022,03,Baltimore County,0174,Catonsville High,4,61,na,na,61,20230303
2022,03,Baltimore County,0175,Western School of Technology,5,85,na,na,99,20230303
2022,03,Baltimore County,0202,Randallstown Elementary,4,63,55,na,na,20230303
2022,03,Baltimore County,0204,Featherbed Lane Elementary,3,49,25,na,na,20230303
2022,03,Baltimore County,0205,Woodmoor Elementary,2,44,16,na,na,20230303
2022,03,Baltimore County,0206,Scotts Branch Elementary,3,50,27,na,na,20230303
2022,03,Baltimore County,0207,Church Lane Elementary,3,45,18,na,na,20230303
2022,03,Baltimore County,0209,Hebbville Elementary,3,47,22,na,na,20230303
2022,03,Baltimore County,0210,Powhatan Elementary,3,49,25,na,na,20230303
2022,03,Baltimore County,0211,Winfield Elementary,3,51,29,na,na,20230303
2022,03,Baltimore County,0213,Winand Elementary,3,56,40,na,na,20230303
2022,03,Baltimore County,0214,Hernwood Elementary,3,58,43,na,na,20230303
2022,03,Baltimore County,0216,Deer Park Elementary,4,61,49,na,na,20230303
2022,03,Baltimore County,0217,New Town Elementary,3,58,45,na,na,20230303
2022,03,Baltimore County,0219,Watershed Public Charter,4,69,68,na,na,20230303
2022,03,Baltimore County,0252,Northwest Academy of Health Sciences,2,35,na,18,na,20230303
2022,03,Baltimore County,0253,Woodlawn Middle,2,38,na,23,na,20230303
2022,03,Baltimore County,0254,Deer Park Middle Magnet School,2,36,na,20,na,20230303
2022,03,Baltimore County,0256,Windsor Mill Middle,2,44,na,35,na,20230303
2022,03,Baltimore County,0271,Milford Mill Academy,3,53,na,na,37,20230303
2022,03,Baltimore County,0272,Randallstown High,3,51,na,na,33,20230303
2022,03,Baltimore County,0303,Bedford Elementary,4,69,66,na,na,20230303
2022,03,Baltimore County,0304,Wellwood International School,3,54,35,na,na,20230303
2022,03,Baltimore County,0307,Milbrook Elementary,2,40,11,na,na,20230303
2022,03,Baltimore County,0308,Fort Garrison Elementary,4,71,73,na,na,20230303
2022,03,Baltimore County,0310,Summit Park Elementary,5,75,80,na,na,20230303
2022,03,Baltimore County,0311,Woodholme Elementary,3,53,33,na,na,20230303
2022,03,Baltimore County,0352,Pikesville Middle,2,37,na,21,na,20230303
2022,03,Baltimore County,0353,Sudbrook Magnet Middle,3,50,na,48,na,20230303
2022,03,Baltimore County,0371,Pikesville High,3,57,na,na,52,20230303
2022,03,Baltimore County,0402,Owings Mills Elementary,3,54,35,na,na,20230303
2022,03,Baltimore County,0403,Franklin Elementary,4,72,74,na,na,20230303
2022,03,Baltimore County,0404,Chatsworth School,4,65,60,na,na,20230303
2022,03,Baltimore County,0405,Timber Grove Elementary,3,47,21,na,na,20230303
2022,03,Baltimore County,0406,Reisterstown Elementary,2,44,16,na,na,20230303
2022,03,Baltimore County,0407,Glyndon Elementary,3,50,26,na,na,20230303
2022,03,Baltimore County,0408,Cedarmere Elementary,3,56,38,na,na,20230303
2022,03,Baltimore County,0410,Lyons Mill Elementary,4,63,56,na,na,20230303
2022,03,Baltimore County,0451,Franklin Middle,2,40,na,25,na,20230303
2022,03,Baltimore County,0452,Owings Mills High,2,44,na,na,21,20230303
2022,03,Baltimore County,0472,Franklin High,3,56,na,na,46,20230303
2022,03,Baltimore County,0473,New Town High,3,47,na,na,24,20230303
2022,03,Baltimore County,0501,Fifth District Elementary,5,86,98,na,na,20230303
2022,03,Baltimore County,0601,Prettyboy Elementary,5,77,85,na,na,20230303
2022,03,Baltimore County,0701,Seventh District Elementary,4,69,68,na,na,20230303
2022,03,Baltimore County,0772,Hereford High,5,81,na,na,96,20230303
2022,03,Baltimore County,0801,Sparks Elementary,5,86,98,na,na,20230303
2022,03,Baltimore County,0803,Lutherville Laboratory,5,77,84,na,na,20230303
2022,03,Baltimore County,0805,Timonium Elementary,5,82,94,na,na,20230303
2022,03,Baltimore County,0808,Pot Spring Elementary,4,70,70,na,na,20230303
2022,03,Baltimore County,0809,Riderwood Elementary,5,86,98,na,na,20230303
2022,03,Baltimore County,0810,Padonia International Elementary,3,49,25,na,na,20230303
2022,03,Baltimore County,0811,Pinewood Elementary,5,89,99,na,na,20230303
2022,03,Baltimore County,0813,Warren Elementary,3,52,30,na,na,20230303
2022,03,Baltimore County,0814,Mays Chapel Elementary,5,75,79,na,na,20230303
2022,03,Baltimore County,0852,Ridgely Middle,4,68,na,83,na,20230303
2022,03,Baltimore County,0853,Cockeysville Middle,3,47,na,39,na,20230303
2022,03,Baltimore County,0855,Hereford Middle,4,73,na,91,na,20230303
2022,03,Baltimore County,0872,Dulaney High,4,65,na,na,71,20230303
2022,03,Baltimore County,0905,Stoneleigh Elementary,4,70,71,na,na,20230303
2022,03,Baltimore County,0907,Rodgers Forge Elementary,5,84,97,na,na,20230303
2022,03,Baltimore County,0908,Villa Cresta Elementary,4,67,63,na,na,20230303
2022,03,Baltimore County,0909,Pleasant Plains Elementary,2,43,15,na,na,20230303
2022,03,Baltimore County,0910,Oakleigh Elementary,2,44,15,na,na,20230303
2022,03,Baltimore County,0911,Hampton Elementary,4,70,69,na,na,20230303
2022,03,Baltimore County,0912,Halstead Academy,2,44,16,na,na,20230303
2022,03,Baltimore County,0915,Harford Hills Elementary,3,57,42,na,na,20230303
2022,03,Baltimore County,0916,Cromwell Valley Elementary Regional Magnet,4,69,67,na,na,20230303
2022,03,Baltimore County,0921,Pine Grove Elementary,4,61,50,na,na,20230303
2022,03,Baltimore County,0923,White Oak School,1,17,0,na,na,20230303
2022,03,Baltimore County,0925,West Towson Elementary,5,87,98,na,na,20230303
2022,03,Baltimore County,0953,Dumbarton Middle,3,57,na,63,na,20230303
2022,03,Baltimore County,0954,Loch Raven Technical Academy,1,25,na,3,na,20230303
2022,03,Baltimore County,0957,Pine Grove Middle,3,49,na,45,na,20230303
2022,03,Baltimore County,0971,Towson High,4,69,na,na,81,20230303
2022,03,Baltimore County,0972,Parkville High,3,48,na,na,27,20230303
2022,03,Baltimore County,0973,Loch Raven High,3,50,na,na,32,20230303
2022,03,Baltimore County,0975,George W. Carver Center for Arts & Technology,5,82,na,na,96,20230303
2022,03,Baltimore County,1001,Carroll Manor Elementary,5,81,92,na,na,20230303
2022,03,Baltimore County,1002,Jacksonville Elementary,5,88,99,na,na,20230303
2022,03,Baltimore County,1104,Kingsville Elementary,5,83,96,na,na,20230303
2022,03,Baltimore County,1105,Perry Hall Elementary,4,69,67,na,na,20230303
2022,03,Baltimore County,1106,Carney Elementary,3,49,24,na,na,20230303
2022,03,Baltimore County,1107,Chapel Hill Elementary,5,85,97,na,na,20230303
2022,03,Baltimore County,1109,Joppa View Elementary,4,62,52,na,na,20230303
2022,03,Baltimore County,1110,Seven Oaks Elementary,4,62,52,na,na,20230303
2022,03,Baltimore County,1111,Gunpowder Elementary,4,66,61,na,na,20230303
2022,03,Baltimore County,1113,Honeygo Elementary,5,81,93,na,na,20230303
2022,03,Baltimore County,1151,Perry Hall Middle,3,59,na,66,na,20230303
2022,03,Baltimore County,1171,Perry Hall High,3,59,na,na,57,20230303
2022,03,Baltimore County,1202,Dundalk Elementary,2,40,10,na,na,20230303
2022,03,Baltimore County,1205,Berkshire Elementary,3,56,40,na,na,20230303
2022,03,Baltimore County,1206,Bear Creek Elementary,3,49,24,na,na,20230303
2022,03,Baltimore County,1207,Norwood Elementary,2,42,13,na,na,20230303
2022,03,Baltimore County,1210,Grange Elementary,3,48,23,na,na,20230303
2022,03,Baltimore County,1212,Charlesmont Elementary,4,61,50,na,na,20230303
2022,03,Baltimore County,1216,Sandy Plains Elementary,2,38,8,na,na,20230303
2022,03,Baltimore County,1217,Logan Elementary,2,41,12,na,na,20230303
2022,03,Baltimore County,1251,Dundalk Middle,1,28,na,8,na,20230303
2022,03,Baltimore County,1253,Holabird Middle,2,36,14,11,na,20230303
2022,03,Baltimore County,1255,General John Stricker Middle,1,29,na,9,na,20230303
2022,03,Baltimore County,1272,Patapsco High and Center for Arts,3,55,na,na,42,20230303
2022,03,Baltimore County,1273,Dundalk High,2,40,na,na,11,20230303
2022,03,Baltimore County,1302,Arbutus Elementary,4,70,69,na,na,20230303
2022,03,Baltimore County,1307,Baltimore Highlands Elementary,2,42,13,na,na,20230303
2022,03,Baltimore County,1308,Riverview Elementary,2,41,11,na,na,20230303
2022,03,Baltimore County,1310,Relay Elementary,4,69,66,na,na,20230303
2022,03,Baltimore County,1311,Lansdowne Elementary,3,46,19,na,na,20230303
2022,03,Baltimore County,1313,Halethorpe Elementary,3,57,41,na,na,20230303
2022,03,Baltimore County,1351,Lansdowne Middle,2,34,na,15,na,20230303
2022,03,Baltimore County,1356,Arbutus Middle,3,48,na,41,na,20230303
2022,03,Baltimore County,1371,Lansdowne High,3,45,na,na,22,20230303
2022,03,Baltimore County,1403,McCormick Elementary,2,41,12,na,na,20230303
2022,03,Baltimore County,1404,Fullerton Elementary,3,53,33,na,na,20230303
2022,03,Baltimore County,1405,Elmwood Elementary,3,45,18,na,na,20230303
2022,03,Baltimore County,1406,Red House Run Elementary,3,53,33,na,na,20230303
2022,03,Baltimore County,1409,Shady Spring Elementary,4,61,49,na,na,20230303
2022,03,Baltimore County,1451,Golden Ring Middle,2,34,na,16,na,20230303
2022,03,Baltimore County,1452,Parkville Middle,2,42,na,30,na,20230303
2022,03,Baltimore County,1473,Overlea High,3,47,na,na,24,20230303
2022,03,Baltimore County,1502,Edgemere Elementary,4,71,72,na,na,20230303
2022,03,Baltimore County,1503,Colgate Elementary,3,49,24,na,na,20230303
2022,03,Baltimore County,1505,Victory Villa Elementary,3,51,30,na,na,20230303
2022,03,Baltimore County,1506,Martin Boulevard Elementary,3,56,40,na,na,20230303
2022,03,Baltimore County,1507,Chase Elementary,3,54,35,na,na,20230303
2022,03,Baltimore County,1508,Essex Elementary,3,53,33,na,na,20230303
2022,03,Baltimore County,1511,Chesapeake Terrace Elementary,4,63,56,na,na,20230303
2022,03,Baltimore County,1512,Mars Estates Elementary,3,54,35,na,na,20230303
2022,03,Baltimore County,1513,Sussex Elementary,2,42,14,na,na,20230303
2022,03,Baltimore County,1514,Middlesex Elementary,3,47,20,na,na,20230303
2022,03,Baltimore County,1515,Hawthorne Elementary,2,36,7,na,na,20230303
2022,03,Baltimore County,1517,Battle Grove Elementary,3,46,19,na,na,20230303
2022,03,Baltimore County,1518,Glenmar Elementary,3,51,28,na,na,20230303
2022,03,Baltimore County,1519,Orems Elementary,4,60,47,na,na,20230303
2022,03,Baltimore County,1520,Middleborough Elementary,4,67,63,na,na,20230303
2022,03,Baltimore County,1525,Deep Creek Elementary,2,38,9,na,na,20230303
2022,03,Baltimore County,1527,Sandalwood Elementary,3,56,39,na,na,20230303
2022,03,Baltimore County,1531,Seneca Elementary,3,48,22,na,na,20230303
2022,03,Baltimore County,1533,Vincent Farm Elementary,3,59,46,na,na,20230303
2022,03,Baltimore County,1534,Oliver Beach Elementary,4,64,59,na,na,20230303
2022,03,Baltimore County,1554,Stemmers Run Middle,2,34,na,16,na,20230303
2022,03,Baltimore County,1556,Middle River Middle,2,34,na,16,na,20230303
2022,03,Baltimore County,1557,Deep Creek Middle,1,29,na,8,na,20230303
2022,03,Baltimore County,1559,Sparrows Point Middle,3,58,na,63,na,20230303
2022,03,Baltimore County,1572,Kenwood High,3,45,na,na,21,20230303
2022,03,Baltimore County,1573,Sparrows Point High,4,64,na,na,68,20230303
2022,03,Baltimore County,1574,Chesapeake High,2,44,na,na,20,20230303
2022,03,Baltimore County,1575,Eastern Technical High School,5,92,na,na,99,20230303
2022,04,Calvert,0101,Patuxent Appeal Elementary Campus,3,56,39,na,na,20230303
2022,04,Calvert,0110,Mutual Elementary,4,69,68,na,na,20230303
2022,04,Calvert,0111,Southern Middle,3,46,na,38,na,20230303
2022,04,Calvert,0113,Patuxent High,4,62,na,na,64,20230303
2022,04,Calvert,0114,St Leonard Elementary,4,61,50,na,na,20230303
2022,04,Calvert,0115,Dowell Elementary,3,59,46,na,na,20230303
2022,04,Calvert,0116,Mill Creek Middle,3,46,na,38,na,20230303
2022,04,Calvert,0201,Calvert Middle,4,62,na,71,na,20230303
2022,04,Calvert,0207,Calvert Elementary,4,70,70,na,na,20230303
2022,04,Calvert,0208,Barstow Elementary,3,58,43,na,na,20230303
2022,04,Calvert,0209,Huntingtown Elementary,5,78,87,na,na,20230303
2022,04,Calvert,0213,Calvert High,4,62,na,na,64,20230303
2022,04,Calvert,0215,Plum Point Elementary,4,72,73,na,na,20230303
2022,04,Calvert,0216,Plum Point Middle,4,69,na,85,na,20230303
2022,04,Calvert,0217,Huntingtown High School,4,73,na,na,88,20230303
2022,04,Calvert,0302,Beach Elementary,4,73,76,na,na,20230303
2022,04,Calvert,0312,Mount Harmony Elementary,5,79,90,na,na,20230303
2022,04,Calvert,0314,Northern High,4,73,na,na,87,20230303
2022,04,Calvert,0315,Northern Middle,5,77,na,96,na,20230303
2022,04,Calvert,0316,Sunderland Elementary,4,69,67,na,na,20230303
2022,04,Calvert,0317,Windy Hill Elementary,4,71,72,na,na,20230303
2022,04,Calvert,0318,Windy Hill Middle,5,75,na,92,na,20230303
2022,05,Caroline,0201,Greensboro Elementary School,4,63,56,na,na,20230303
2022,05,Caroline,0301,Denton Elementary School,4,61,50,na,na,20230303
2022,05,Caroline,0302,Lockerman Middle School,3,50,na,49,na,20230303
2022,05,Caroline,0401,Preston Elementary School,4,66,62,na,na,20230303
2022,05,Caroline,0501,Federalsburg Elementary School,3,54,34,na,na,20230303
2022,05,Caroline,0701,Ridgely Elementary School,3,55,36,na,na,20230303
2022,05,Caroline,0703,North Caroline High School,3,51,na,na,32,20230303
2022,05,Caroline,0801,Colonel Richardson High School,3,55,na,na,43,20230303
2022,05,Caroline,0802,Colonel Richardson Middle School,3,50,na,50,na,20230303
2022,06,Carroll,0103,Taneytown Elementary,4,63,55,na,na,20230303
2022,06,Carroll,0105,Northwest Middle,3,53,na,57,na,20230303
2022,06,Carroll,0202,Francis Scott Key High,3,57,na,na,48,20230303
2022,06,Carroll,0204,Runnymede Elementary,4,67,64,na,na,20230303
2022,06,Carroll,0404,Sandymount Elementary,4,70,70,na,na,20230303
2022,06,Carroll,0406,Mechanicsville Elementary,5,82,95,na,na,20230303
2022,06,Carroll,0501,Eldersburg Elementary,5,79,89,na,na,20230303
2022,06,Carroll,0503,Linton Springs Elementary,5,78,86,na,na,20230303
2022,06,Carroll,0504,Sykesville Middle,4,64,na,75,na,20230303
2022,06,Carroll,0505,Freedom District Elementary,5,82,93,na,na,20230303
2022,06,Carroll,0506,Carrolltowne Elementary,5,83,96,na,na,20230303
2022,06,Carroll,0507,Liberty High,5,77,na,na,92,20230303
2022,06,Carroll,0508,Oklahoma Road Middle,4,73,na,91,na,20230303
2022,06,Carroll,0509,Piney Ridge Elementary,5,84,96,na,na,20230303
2022,06,Carroll,0510,Century High,5,76,na,na,92,20230303
2022,06,Carroll,0601,Manchester Elementary,5,76,83,na,na,20230303
2022,06,Carroll,0602,Manchester Valley High,3,58,na,na,54,20230303
2022,06,Carroll,0603,Ebb Valley Elementary,4,74,78,na,na,20230303
2022,06,Carroll,0701,Westminster East Middle,4,63,na,73,na,20230303
2022,06,Carroll,0703,Westminster West Middle,4,64,na,76,na,20230303
2022,06,Carroll,0704,Winters Mill High,3,57,na,na,52,20230303
2022,06,Carroll,0705,William Winchester Elementary,4,71,72,na,na,20230303
2022,06,Carroll,0707,Westminster High,4,65,na,na,69,20230303
2022,06,Carroll,0710,Westminster Elementary,4,74,78,na,na,20230303
2022,06,Carroll,0711,Robert Moton Elementary,3,58,43,na,na,20230303
2022,06,Carroll,0714,Friendship Valley Elementary,5,75,81,na,na,20230303
2022,06,Carroll,0715,Cranberry Station Elementary,4,67,64,na,na,20230303
2022,06,Carroll,0801,North Carroll Middle,4,64,na,77,na,20230303
2022,06,Carroll,0804,Hampstead Elementary,5,77,85,na,na,20230303
2022,06,Carroll,0806,Spring Garden Elementary,5,78,87,na,na,20230303
2022,06,Carroll,0807,Shiloh Middle,4,61,na,69,na,20230303
2022,06,Carroll,0903,Flexible Student Support,3,55,na,na,45,20230303
2022,06,Carroll,0906,Winfield Elementary,4,73,77,na,na,20230303
2022,06,Carroll,1201,Elmer A. Wolfe Elementary,4,66,63,na,na,20230303
2022,06,Carroll,1305,Mount Airy Elementary,4,74,78,na,na,20230303
2022,06,Carroll,1306,Mount Airy Middle,4,72,na,88,na,20230303
2022,06,Carroll,1401,South Carroll High,4,66,na,na,75,20230303
2022,07,Cecil,0104,Cecilton Elementary,4,63,54,na,na,20230303
2022,07,Cecil,0204,Bohemia Manor High,4,61,na,na,61,20230303
2022,07,Cecil,0205,Chesapeake City Elementary,5,75,80,na,na,20230303
2022,07,Cecil,0206,Bohemia Manor Middle,4,67,na,79,na,20230303
2022,07,Cecil,0302,Elkton High,3,55,na,na,42,20230303
2022,07,Cecil,0303,Elkton Middle,2,39,na,25,na,20230303
2022,07,Cecil,0310,Gilpin Manor Elementary,3,46,19,na,na,20230303
2022,07,Cecil,0311,Holly Hall Elementary,3,51,29,na,na,20230303
2022,07,Cecil,0313,Cherry Hill Middle,4,60,na,67,na,20230303
2022,07,Cecil,0315,Leeds Elementary,4,62,53,na,na,20230303
2022,07,Cecil,0316,Thomson Estates Elementary,3,52,32,na,na,20230303
2022,07,Cecil,0317,Kenmore Elementary,4,67,64,na,na,20230303
2022,07,Cecil,0401,Cecil Manor Elementary,3,55,36,na,na,20230303
2022,07,Cecil,0504,North East Middle,3,53,na,55,na,20230303
2022,07,Cecil,0506,North East Elementary,3,50,26,na,na,20230303
2022,07,Cecil,0510,Bay View Elementary,3,58,43,na,na,20230303
2022,07,Cecil,0513,Charlestown Elementary,5,75,81,na,na,20230303
2022,07,Cecil,0514,North East High,3,54,na,na,41,20230303
2022,07,Cecil,0515,Elk Neck Elementary,4,70,70,na,na,20230303
2022,07,Cecil,0606,Rising Sun Middle School,4,69,na,84,na,20230303
2022,07,Cecil,0607,Rising Sun Elementary,4,73,75,na,na,20230303
2022,07,Cecil,0701,Perryville Middle,3,51,na,51,na,20230303
2022,07,Cecil,0703,Perryville Elementary,3,56,39,na,na,20230303
2022,07,Cecil,0704,Bainbridge Elementary,3,57,42,na,na,20230303
2022,07,Cecil,0705,Perryville High,3,56,na,na,47,20230303
2022,07,Cecil,0801,Conowingo Elementary,3,59,47,na,na,20230303
2022,07,Cecil,0904,Calvert Elementary,5,79,90,na,na,20230303
2022,07,Cecil,0905,Rising Sun High,3,59,na,na,56,20230303
2022,08,Charles,0104,Milton M. Somers Middle School,3,54,na,58,na,20230303
2022,08,Charles,0105,Walter J. Mitchell Elementary School,4,67,64,na,na,20230303
2022,08,Charles,0106,La Plata High School,4,61,na,na,60,20230303
2022,08,Charles,0108,Maurice J. McDonough High School,3,58,na,na,54,20230303
2022,08,Charles,0109,Mary H. Matula Elementary School,4,65,59,na,na,20230303
2022,08,Charles,0302,Mt Hope/Nanjemoy Elementary School,3,57,41,na,na,20230303
2022,08,Charles,0501,Dr. Thomas L. Higdon Elementary School,4,70,70,na,na,20230303
2022,08,Charles,0503,Piccowaxen Middle School,4,67,na,80,na,20230303
2022,08,Charles,0604,Dr. Samuel A. Mudd Elementary School,2,40,9,na,na,20230303
2022,08,Charles,0605,Thomas Stone High School,3,50,na,na,32,20230303
2022,08,Charles,0606,J. P. Ryon Elementary School,2,44,16,na,na,20230303
2022,08,Charles,0608,John Hanson Middle School,2,41,na,28,na,20230303
2022,08,Charles,0609,Dr. James Craik Elementary School,4,72,74,na,na,20230303
2022,08,Charles,0611,Dr. Gustavus Brown Elementary,3,52,30,na,na,20230303
2022,08,Charles,0612,Arthur Middleton Elementary School,3,54,34,na,na,20230303
2022,08,Charles,0613,Benjamin Stoddert Middle School,3,45,na,36,na,20230303
2022,08,Charles,0616,Eva Turner Elementary School,2,43,15,na,na,20230303
2022,08,Charles,0617,Daniel of St. Thomas Jenifer Elementary School,2,44,17,na,na,20230303
2022,08,Charles,0618,William B. Wade Elementary School,3,59,46,na,na,20230303
2022,08,Charles,0619,Westlake High School,3,53,na,na,39,20230303
2022,08,Charles,0620,C. Paul Barnhart Elementary School,4,63,54,na,na,20230303
2022,08,Charles,0621,Mattawoman Middle School,3,51,na,51,na,20230303
2022,08,Charles,0622,Berry Elementary School,4,62,52,na,na,20230303
2022,08,Charles,0623,North Point High School,4,69,na,na,80,20230303
2022,08,Charles,0624,William A. Diggs Elementary School,3,58,43,na,na,20230303
2022,08,Charles,0625,Theodore G. Davis Middle School,4,65,na,77,na,20230303
2022,08,Charles,0626,Mary B. Neal Elementary School,3,54,35,na,na,20230303
2022,08,Charles,0627,Billingsley Elementary School,3,53,33,na,na,20230303
2022,08,Charles,0701,Matthew Henson Middle School,3,51,na,52,na,20230303
2022,08,Charles,0703,J. C. Parks Elementary School,3,52,31,na,na,20230303
2022,08,Charles,0705,General Smallwood Middle School,3,45,na,36,na,20230303
2022,08,Charles,0710,Indian Head Elementary School,3,45,18,na,na,20230303
2022,08,Charles,0801,T. C. Martin Elementary School,4,61,51,na,na,20230303
2022,08,Charles,0802,St. Charles High School,3,53,na,na,36,20230303
2022,08,Charles,0902,Malcolm Elementary School,4,63,56,na,na,20230303
2022,08,Charles,1001,Gale-Bailey Elementary School,4,62,54,na,na,20230303
2022,08,Charles,1002,Henry E. Lackey High School,3,54,na,na,40,20230303
2022,09,Dorchester,0205,Warwick Elementary School,4,69,68,na,na,20230303
2022,09,Dorchester,0207,North Dorchester High School,3,50,na,na,29,20230303
2022,09,Dorchester,0208,North Dorchester Middle School,2,40,na,26,na,20230303
2022,09,Dorchester,0302,Vienna Elementary School,4,63,55,na,na,20230303
2022,09,Dorchester,0508,South Dorchester School,4,70,68,88,na,20230303
2022,09,Dorchester,0707,Mace's Lane Middle School,1,27,na,6,na,20230303
2022,09,Dorchester,0710,Sandy Hill Elementary,2,34,5,na,na,20230303
2022,09,Dorchester,0711,Maple Elementary School,3,48,22,na,na,20230303
2022,09,Dorchester,0713,Cambridge-South Dorchester High School,2,37,na,na,8,20230303
2022,09,Dorchester,0716,Choptank Elementary School,2,33,4,na,na,20230303
2022,09,Dorchester,1503,Hurlock Elementary School,3,46,19,na,na,20230303
2022,10,Frederick,0108,Carroll Manor Elementary,4,66,62,na,na,20230303
2022,10,Frederick,0109,Tuscarora Elementary,4,63,57,na,na,20230303
2022,10,Frederick,0201,Parkway Elementary,4,71,72,na,na,20230303
2022,10,Frederick,0204,Lincoln Elementary,4,60,48,na,na,20230303
2022,10,Frederick,0209,Frederick High,3,54,na,na,41,20230303
2022,10,Frederick,0210,North Frederick Elementary,4,66,61,na,na,20230303
2022,10,Frederick,0211,West Frederick Middle,3,46,na,38,na,20230303
2022,10,Frederick,0213,Gov. Thomas Johnson High,3,57,na,na,51,20230303
2022,10,Frederick,0219,Monocacy Middle,3,48,na,42,na,20230303
2022,10,Frederick,0222,Monocacy Elementary,3,58,45,na,na,20230303
2022,10,Frederick,0223,Ballenger Creek Elementary,4,68,66,na,na,20230303
2022,10,Frederick,0225,Gov. Thomas Johnson Middle,3,48,na,42,na,20230303
2022,10,Frederick,0226,Monocacy Valley Montessori,4,69,44,98,na,20230303
2022,10,Frederick,0227,Crestwood Middle,3,47,na,39,na,20230303
2022,10,Frederick,0228,Carroll Creek Montessori Public Charter,4,61,38,80,na,20230303
2022,10,Frederick,0303,Middletown Elementary,5,78,88,na,na,20230303
2022,10,Frederick,0311,Middletown Middle,4,72,na,88,na,20230303
2022,10,Frederick,0313,Middletown High,4,73,na,na,89,20230303
2022,10,Frederick,0503,Emmitsburg Elementary,4,72,75,na,na,20230303
2022,10,Frederick,0603,Wolfsville Elementary,4,69,69,na,na,20230303
2022,10,Frederick,0702,Urbana Elementary,5,83,95,na,na,20230303
2022,10,Frederick,0713,Urbana High,4,73,na,na,88,20230303
2022,10,Frederick,0714,Windsor Knolls Middle,4,64,na,76,na,20230303
2022,10,Frederick,0715,Centerville Elementary,5,80,91,na,na,20230303
2022,10,Frederick,0716,Urbana Middle,4,74,na,92,na,20230303
2022,10,Frederick,0717,Sugarloaf Elementary,5,79,90,na,na,20230303
2022,10,Frederick,0801,Liberty Elementary,4,65,59,na,na,20230303
2022,10,Frederick,0903,New Market Elementary,5,79,88,na,na,20230303
2022,10,Frederick,0912,Linganore High,4,72,na,na,86,20230303
2022,10,Frederick,0913,Green Valley Elementary,4,70,71,na,na,20230303
2022,10,Frederick,0914,New Market Middle,4,67,na,80,na,20230303
2022,10,Frederick,0915,Kemptown Elementary,5,83,95,na,na,20230303
2022,10,Frederick,0916,Spring Ridge Elementary,4,69,68,na,na,20230303
2022,10,Frederick,0917,Deer Crossing Elementary,5,82,95,na,na,20230303
2022,10,Frederick,0918,Oakdale Middle,4,70,na,87,na,20230303
2022,10,Frederick,0919,Oakdale Elementary,5,76,82,na,na,20230303
2022,10,Frederick,0920,Oakdale High,4,71,na,na,84,20230303
2022,10,Frederick,1001,Sabillasville Elementary,4,69,67,na,na,20230303
2022,10,Frederick,1105,New Midway/Woodsboro Elementary,4,68,66,na,na,20230303
2022,10,Frederick,1301,Frederick Classical Charter,4,74,89,85,na,20230303
2022,10,Frederick,1302,Blue Heron Elementary,5,75,81,na,na,20230303
2022,10,Frederick,1406,Valley Elementary,4,73,76,na,na,20230303
2022,10,Frederick,1503,Thurmont Elementary,4,69,67,na,na,20230303
2022,10,Frederick,1509,Catoctin High,4,63,na,na,68,20230303
2022,10,Frederick,1510,Thurmont Middle,3,55,na,58,na,20230303
2022,10,Frederick,1604,Myersville Elementary,5,83,95,na,na,20230303
2022,10,Frederick,1801,Twin Ridge Elementary,4,73,77,na,na,20230303
2022,10,Frederick,2001,Lewistown Elementary,4,63,56,na,na,20230303
2022,10,Frederick,2103,Yellow Springs Elementary,4,70,69,na,na,20230303
2022,10,Frederick,2107,Whittier Elementary,4,70,70,na,na,20230303
2022,10,Frederick,2302,Hillcrest Elementary,3,47,20,na,na,20230303
2022,10,Frederick,2305,Ballenger Creek Middle,3,53,na,55,na,20230303
2022,10,Frederick,2306,Orchard Grove Elementary,4,65,61,na,na,20230303
2022,10,Frederick,2307,Tuscarora High,4,60,na,na,58,20230303
2022,10,Frederick,2308,Butterfly Ridge Elementary,3,59,46,na,na,20230303
2022,10,Frederick,2403,Waverley Elementary,3,51,28,na,na,20230303
2022,10,Frederick,2503,Brunswick High,4,67,na,na,77,20230303
2022,10,Frederick,2504,Brunswick Elementary,3,57,42,na,na,20230303
2022,10,Frederick,2525,Brunswick Middle,3,52,na,54,na,20230303
2022,10,Frederick,2606,Walkersville Middle,3,56,na,61,na,20230303
2022,10,Frederick,2607,Walkersville Elementary,4,64,59,na,na,20230303
2022,10,Frederick,2610,Walkersville High,4,61,na,na,60,20230303
2022,10,Frederick,2611,Glade Elementary,4,73,75,na,na,20230303
2022,11,Garrett,1202,Friendsville Elementary,4,61,51,na,na,20230303
2022,11,Garrett,1301,Grantsville Elementary,4,67,64,na,na,20230303
2022,11,Garrett,1408,Crellin Elementary,4,73,77,na,na,20230303
2022,11,Garrett,1501,Accident Elementary,5,84,97,na,na,20230303
2022,11,Garrett,1707,Broad Ford Elementary,4,66,62,na,na,20230303
2022,11,Garrett,1710,Yough Glades Elementary,4,62,52,na,na,20230303
2022,11,Garrett,1812,Swan Meadow School,5,77,85,97,na,20230303
2022,11,Garrett,1904,Route 40 Elementary,4,73,76,na,na,20230303
2022,11,Garrett,2511,Northern Middle School,5,76,na,94,na,20230303
2022,11,Garrett,2708,Southern Middle School,4,64,na,76,na,20230303
2022,11,Garrett,3512,Northern Garrett High School,4,72,na,na,86,20230303
2022,11,Garrett,3709,Southern Garrett High School,4,62,na,na,65,20230303
2022,12,Harford,0113,William S. James Elementary,4,63,56,na,na,20230303
2022,12,Harford,0115,Edgewood Elementary,3,52,31,na,na,20230303
2022,12,Harford,0120,Deerfield Elementary,3,48,23,na,na,20230303
2022,12,Harford,0121,Emmorton Elementary,5,76,82,na,na,20230303
2022,12,Harford,0123,Abingdon Elementary,4,65,60,na,na,20230303
2022,12,Harford,0125,Church Creek Elementary,3,59,47,na,na,20230303
2022,12,Harford,0131,Magnolia Elementary,2,37,8,na,na,20230303
2022,12,Harford,0137,Joppatowne Elementary,3,49,26,na,na,20230303
2022,12,Harford,0140,William Paca/Old Post Road Elementary,3,48,23,na,na,20230303
2022,12,Harford,0143,Riverside Elementary,3,52,31,na,na,20230303
2022,12,Harford,0176,Edgewood High,3,50,na,na,29,20230303
2022,12,Harford,0177,Edgewood Middle,2,38,na,22,na,20230303
2022,12,Harford,0181,Joppatowne High,3,48,na,na,27,20230303
2022,12,Harford,0184,Magnolia Middle,2,32,na,13,na,20230303
2022,12,Harford,0187,Patterson Mill High School,4,72,na,na,85,20230303
2022,12,Harford,0188,Patterson Mill Middle School,4,71,na,87,na,20230303
2022,12,Harford,0211,G. Lisby Elementary at Hillsdale,3,52,30,na,na,20230303
2022,12,Harford,0212,Bakerfield Elementary,3,56,38,na,na,20230303
2022,12,Harford,0230,Halls Cross Roads Elementary,2,41,12,na,na,20230303
2022,12,Harford,0265,Aberdeen Middle,2,37,na,21,na,20230303
2022,12,Harford,0270,Aberdeen High,3,52,na,na,35,20230303
2022,12,Harford,0296,Swan Creek School,3,50,41,59,8,20230303
2022,12,Harford,0304,Harford Technical High,4,74,na,na,90,20230303
2022,12,Harford,0314,Bel Air Elementary,5,82,93,na,na,20230303
2022,12,Harford,0316,Churchville Elementary,5,75,79,na,na,20230303
2022,12,Harford,0326,Forest Hill Elementary,5,76,82,na,na,20230303
2022,12,Harford,0327,Fountain Green Elementary,5,78,88,na,na,20230303
2022,12,Harford,0328,Forest Lakes Elementary,5,82,95,na,na,20230303
2022,12,Harford,0329,Prospect Mill Elementary,5,80,91,na,na,20230303
2022,12,Harford,0333,Hickory Elementary,5,76,83,na,na,20230303
2022,12,Harford,0335,Homestead/Wakefield Elementary,5,81,93,na,na,20230303
2022,12,Harford,0345,Ring Factory Elementary,5,81,93,na,na,20230303
2022,12,Harford,0348,Youths Benefit Elementary,5,80,91,na,na,20230303
2022,12,Harford,0349,Red Pump Elementary School,5,75,80,na,na,20230303
2022,12,Harford,0372,Bel Air Middle,4,65,na,78,na,20230303
2022,12,Harford,0373,Bel Air High,4,65,na,na,72,20230303
2022,12,Harford,0374,Southampton Middle,4,73,na,90,na,20230303
2022,12,Harford,0382,Fallston High,4,69,na,na,81,20230303
2022,12,Harford,0385,C. Milton Wright High,4,65,na,na,71,20230303
2022,12,Harford,0386,Fallston Middle School,5,75,na,93,na,20230303
2022,12,Harford,0436,Jarrettsville Elementary,5,81,93,na,na,20230303
2022,12,Harford,0441,Norrisville Elementary,5,82,94,na,na,20230303
2022,12,Harford,0447,North Bend Elementary,5,78,87,na,na,20230303
2022,12,Harford,0518,Darlington Elementary,5,80,92,na,na,20230303
2022,12,Harford,0522,Dublin Elementary,4,65,60,na,na,20230303
2022,12,Harford,0544,North Harford Elementary,5,76,84,na,na,20230303
2022,12,Harford,0580,North Harford High,4,66,na,na,74,20230303
2022,12,Harford,0583,North Harford Middle,4,66,na,78,na,20230303
2022,12,Harford,0632,Havre de Grace Elementary,4,62,52,na,na,20230303
2022,12,Harford,0638,Meadowvale Elementary,4,70,69,na,na,20230303
2022,12,Harford,0639,Roye-Williams Elementary,4,67,64,na,na,20230303
2022,12,Harford,0678,Havre de Grace High,3,57,na,na,50,20230303
2022,12,Harford,0679,Havre de Grace Middle,3,52,na,53,na,20230303
2022,13,Howard,0080,Homewood School,2,35,na,na,14,20230303
2022,13,Howard,0101,Elkridge Elementary,4,64,58,na,na,20230303
2022,13,Howard,0103,Deep Run Elementary,4,63,56,na,na,20230303
2022,13,Howard,0104,Mayfield Woods Middle,4,60,na,68,na,20230303
2022,13,Howard,0105,Rockburn Elementary,5,75,79,na,na,20230303
2022,13,Howard,0106,Elkridge Landing Middle,4,64,na,75,na,20230303
2022,13,Howard,0107,Ilchester Elementary,5,79,90,na,na,20230303
2022,13,Howard,0108,Bonnie Branch Middle,4,60,na,67,na,20230303
2022,13,Howard,0109,Ducketts Lane,3,53,33,na,na,20230303
2022,13,Howard,0110,Thomas Viaduct,3,49,na,43,na,20230303
2022,13,Howard,0111,Hanover Hills,3,55,36,na,na,20230303
2022,13,Howard,0202,Ellicott Mills Middle,5,75,na,94,na,20230303
2022,13,Howard,0203,Howard High,4,68,na,na,78,20230303
2022,13,Howard,0204,St. Johns Lane Elementary,5,78,86,na,na,20230303
2022,13,Howard,0207,Mount Hebron High,4,73,na,na,87,20230303
2022,13,Howard,0208,Northfield Elementary,5,77,85,na,na,20230303
2022,13,Howard,0209,Patapsco Middle,4,67,na,81,na,20230303
2022,13,Howard,0210,Centennial Lane Elementary,5,79,90,na,na,20230303
2022,13,Howard,0211,Dunloggin Middle,4,66,na,79,na,20230303
2022,13,Howard,0213,Worthington Elementary,5,85,97,na,na,20230303
2022,13,Howard,0214,Centennial High,5,78,na,na,94,20230303
2022,13,Howard,0215,Waverly Elementary,5,81,93,na,na,20230303
2022,13,Howard,0216,Burleigh Manor Middle School,5,75,na,94,na,20230303
2022,13,Howard,0217,Hollifield Station Elementary,4,64,58,na,na,20230303
2022,13,Howard,0218,Bellows Spring Elementary,5,77,86,na,na,20230303
2022,13,Howard,0219,Veterans Elementary,4,66,61,na,na,20230303
2022,13,Howard,0302,West Friendship Elementary,5,82,95,na,na,20230303
2022,13,Howard,0304,Mount View Middle,5,81,na,99,na,20230303
2022,13,Howard,0305,Manor Woods Elementary,5,83,96,na,na,20230303
2022,13,Howard,0306,Triadelphia Ridge Elementary,5,85,97,na,na,20230303
2022,13,Howard,0307,Folly Quarter Middle,5,86,na,99,na,20230303
2022,13,Howard,0308,Marriotts Ridge High,5,75,na,na,90,20230303
2022,13,Howard,0404,Glenelg High,5,78,na,na,94,20230303
2022,13,Howard,0405,Glenwood Middle,5,76,na,95,na,20230303
2022,13,Howard,0406,Bushy Park Elementary,5,83,96,na,na,20230303
2022,13,Howard,0407,Lisbon Elementary,5,83,95,na,na,20230303
2022,13,Howard,0505,Clarksville Elementary,4,73,76,na,na,20230303
2022,13,Howard,0509,Atholton High,4,67,na,na,76,20230303
2022,13,Howard,0510,Bryant Woods Elementary,3,57,41,na,na,20230303
2022,13,Howard,0512,Wilde Lake Middle,3,50,na,49,na,20230303
2022,13,Howard,0514,Longfellow Elementary,3,58,42,na,na,20230303
2022,13,Howard,0515,Running Brook Elementary,3,50,26,na,na,20230303
2022,13,Howard,0516,Wilde Lake High,3,55,na,na,44,20230303
2022,13,Howard,0517,Swansfield Elementary,3,56,38,na,na,20230303
2022,13,Howard,0518,Harpers Choice Middle,2,41,na,27,na,20230303
2022,13,Howard,0520,Clemens Crossing Elementary,4,66,62,na,na,20230303
2022,13,Howard,0521,Clarksville Middle,5,82,na,99,na,20230303
2022,13,Howard,0523,Pointers Run Elementary,5,79,89,na,na,20230303
2022,13,Howard,0524,River Hill High,5,78,na,na,93,20230303
2022,13,Howard,0525,Fulton Elementary,5,80,90,na,na,20230303
2022,13,Howard,0526,Lime Kiln Middle,5,77,na,97,na,20230303
2022,13,Howard,0527,Reservoir High,4,65,na,na,69,20230303
2022,13,Howard,0528,Dayton Oaks,4,74,77,na,na,20230303
2022,13,Howard,0602,Guilford Elementary,3,55,37,na,na,20230303
2022,13,Howard,0603,Atholton Elementary,4,68,65,na,na,20230303
2022,13,Howard,0604,Waterloo Elementary,5,78,87,na,na,20230303
2022,13,Howard,0605,Thunder Hill Elementary,3,58,44,na,na,20230303
2022,13,Howard,0606,Hammond Elementary,4,72,74,na,na,20230303
2022,13,Howard,0607,Hammond Middle School,4,65,na,77,na,20230303
2022,13,Howard,0608,Stevens Forest Elementary,4,63,55,na,na,20230303
2022,13,Howard,0609,Talbott Springs Elementary,3,58,45,na,na,20230303
2022,13,Howard,0610,Oakland Mills Middle,3,49,na,44,na,20230303
2022,13,Howard,0611,Oakland Mills High,3,57,na,na,52,20230303
2022,13,Howard,0612,Phelps Luck Elementary,3,58,44,na,na,20230303
2022,13,Howard,0613,Jeffers Hill Elementary,4,61,51,na,na,20230303
2022,13,Howard,0616,Cradlerock Elementary,3,54,33,na,na,20230303
2022,13,Howard,0617,Lake Elkhorn Middle,2,43,na,33,na,20230303
2022,13,Howard,0618,Laurel Woods Elementary,3,55,37,na,na,20230303
2022,13,Howard,0619,Hammond High,3,57,na,na,49,20230303
2022,13,Howard,0620,Bollman Bridge Elementary,4,62,53,na,na,20230303
2022,13,Howard,0621,Patuxent Valley Middle,3,55,na,58,na,20230303
2022,13,Howard,0622,Forest Ridge Elementary,4,61,49,na,na,20230303
2022,13,Howard,0623,Long Reach High,3,52,na,na,36,20230303
2022,13,Howard,0624,Murray Hill Middle,3,55,na,60,na,20230303
2022,13,Howard,0625,Gorman Crossing Elementary,5,76,82,na,na,20230303
2022,14,Kent,0105,Galena Elementary School,3,56,38,na,na,20230303
2022,14,Kent,0301,Kent County High,4,60,na,na,59,20230303
2022,14,Kent,0402,Kent County Middle School,3,47,na,41,na,20230303
2022,14,Kent,0403,H. H. Garnett Elementary,3,56,40,na,na,20230303
2022,14,Kent,0504,Rock Hall Elementary,4,69,66,na,na,20230303
2022,15,Montgomery,0051,Laytonsville Elementary,4,68,66,na,na,20230303
2022,15,Montgomery,0100,Clopper Mill Elementary,4,65,60,na,na,20230303
2022,15,Montgomery,0101,Clarksburg Elementary,5,77,85,na,na,20230303
2022,15,Montgomery,0102,Germantown Elementary,4,69,67,na,na,20230303
2022,15,Montgomery,0104,Seneca Valley High,3,58,na,na,53,20230303
2022,15,Montgomery,0105,Ridgeview Middle,3,54,na,58,na,20230303
2022,15,Montgomery,0106,Fox Chapel Elementary,4,65,59,na,na,20230303
2022,15,Montgomery,0107,Martin Luther King Jr. Middle,2,43,na,34,na,20230303
2022,15,Montgomery,0108,Lake Seneca Elementary,3,57,41,na,na,20230303
2022,15,Montgomery,0109,Waters Landing Elementary,3,52,32,na,na,20230303
2022,15,Montgomery,0110,S. Christa McAuliffe Elementary,3,55,36,na,na,20230303
2022,15,Montgomery,0111,Captain James E. Daly Elementary,3,51,29,na,na,20230303
2022,15,Montgomery,0115,Neelsville Middle,2,41,na,29,na,20230303
2022,15,Montgomery,0125,Quince Orchard High,4,65,na,na,72,20230303
2022,15,Montgomery,0152,Poolesville High,5,84,na,na,98,20230303
2022,15,Montgomery,0153,Poolesville Elementary,5,77,85,na,na,20230303
2022,15,Montgomery,0155,Rosa M. Parks Middle,3,57,na,61,na,20230303
2022,15,Montgomery,0156,Lois P. Rockwell Elementary,4,68,65,na,na,20230303
2022,15,Montgomery,0157,Roberto W. Clemente Middle,3,51,na,51,na,20230303
2022,15,Montgomery,0158,Dr. Ronald E. McNair Elementary,5,75,81,na,na,20230303
2022,15,Montgomery,0159,Rachel Carson Elementary,5,80,91,na,na,20230303
2022,15,Montgomery,0201,Richard Montgomery High,4,70,na,na,82,20230303
2022,15,Montgomery,0204,Garrett Park Elementary,4,74,78,na,na,20230303
2022,15,Montgomery,0206,Twinbrook Elementary,3,52,32,na,na,20230303
2022,15,Montgomery,0207,Beall Elementary,5,80,91,na,na,20230303
2022,15,Montgomery,0209,Lakewood Elementary,5,79,89,na,na,20230303
2022,15,Montgomery,0210,Maryvale Elementary,4,70,70,na,na,20230303
2022,15,Montgomery,0211,Julius West Middle,3,56,na,61,na,20230303
2022,15,Montgomery,0212,Meadow Hall Elementary,3,52,30,na,na,20230303
2022,15,Montgomery,0215,Carl Sandburg Center,2,38,8,na,na,20230303
2022,15,Montgomery,0216,Travilah Elementary,5,79,88,na,na,20230303
2022,15,Montgomery,0219,Farmland Elementary,5,75,81,na,na,20230303
2022,15,Montgomery,0220,Luxmanor Elementary,5,78,87,na,na,20230303
2022,15,Montgomery,0226,Beverly Farms Elementary,5,76,82,na,na,20230303
2022,15,Montgomery,0227,Ritchie Park Elementary,5,78,87,na,na,20230303
2022,15,Montgomery,0228,Herbert Hoover Middle,4,69,na,85,na,20230303
2022,15,Montgomery,0229,College Gardens Elementary,4,71,72,na,na,20230303
2022,15,Montgomery,0230,Rockville High,4,65,na,na,70,20230303
2022,15,Montgomery,0232,Tilden Middle School,4,68,na,82,na,20230303
2022,15,Montgomery,0233,Fallsmead Elementary,5,78,88,na,na,20230303
2022,15,Montgomery,0234,Thomas S. Wootton High,5,80,na,na,95,20230303
2022,15,Montgomery,0235,Wayside Elementary,5,87,98,na,na,20230303
2022,15,Montgomery,0237,Robert Frost Middle School,4,69,na,86,na,20230303
2022,15,Montgomery,0238,Cold Spring Elementary,5,79,90,na,na,20230303
2022,15,Montgomery,0241,DuFief Elementary,4,61,51,na,na,20230303
2022,15,Montgomery,0242,Dr. Sally K. Ride Elementary,3,56,39,na,na,20230303
2022,15,Montgomery,0244,Thurgood Marshall Elementary,4,63,57,na,na,20230303
2022,15,Montgomery,0246,Northwest High,4,68,na,na,77,20230303
2022,15,Montgomery,0247,John H. Poole Middle,4,62,na,72,na,20230303
2022,15,Montgomery,0248,Forest Oak Middle,2,40,na,27,na,20230303
2022,15,Montgomery,0249,Clarksburg High,4,66,na,na,75,20230303
2022,15,Montgomery,0302,Burtonsville Elementary,4,64,58,na,na,20230303
2022,15,Montgomery,0303,Fairland Elementary,3,55,37,na,na,20230303
2022,15,Montgomery,0304,JoAnn Leleck at Broad Acres Elementary,3,47,20,na,na,20230303
2022,15,Montgomery,0305,Jackson Road Elementary,3,56,38,na,na,20230303
2022,15,Montgomery,0308,Cloverly Elementary,4,67,63,na,na,20230303
2022,15,Montgomery,0309,Burnt Mills Elementary,3,59,45,na,na,20230303
2022,15,Montgomery,0310,Cannon Road Elementary,3,50,26,na,na,20230303
2022,15,Montgomery,0311,Francis Scott Key Middle,3,45,na,36,na,20230303
2022,15,Montgomery,0312,William Tyler Page Elementary,4,67,63,na,na,20230303
2022,15,Montgomery,0313,Galway Elementary,4,65,60,na,na,20230303
2022,15,Montgomery,0315,Paint Branch High,3,59,na,na,55,20230303
2022,15,Montgomery,0316,Stonegate Elementary,4,72,73,na,na,20230303
2022,15,Montgomery,0321,James Hubert Blake High,4,61,na,na,60,20230303
2022,15,Montgomery,0333,Benjamin Banneker Middle,3,46,na,36,na,20230303
2022,15,Montgomery,0334,Greencastle Elementary,3,51,29,na,na,20230303
2022,15,Montgomery,0335,Briggs Chaney Middle,3,48,na,43,na,20230303
2022,15,Montgomery,0336,Little Bennett Elementary,4,68,66,na,na,20230303
2022,15,Montgomery,0337,"William B. Gibbs, Jr. Elementary",4,71,73,na,na,20230303
2022,15,Montgomery,0340,Great Seneca Creek Elementary,4,62,54,na,na,20230303
2022,15,Montgomery,0341,Wilson Wims Elementary School,5,75,81,na,na,20230303
2022,15,Montgomery,0345,Hallie Wells Middle School,4,63,na,73,na,20230303
2022,15,Montgomery,0346,Bayard Rustin Elementary,4,69,68,na,na,20230303
2022,15,Montgomery,0347,Snowden Farm Elementary,4,72,74,na,na,20230303
2022,15,Montgomery,0351,Darnestown Elementary,5,79,89,na,na,20230303
2022,15,Montgomery,0360,Jones Lane Elementary,4,63,56,na,na,20230303
2022,15,Montgomery,0401,Bethesda Elementary,5,76,82,na,na,20230303
2022,15,Montgomery,0403,Chevy Chase Elementary,5,80,91,na,na,20230303
2022,15,Montgomery,0405,Somerset Elementary,5,81,92,na,na,20230303
2022,15,Montgomery,0406,Bethesda-Chevy Chase High,5,76,na,na,91,20230303
2022,15,Montgomery,0408,Westbrook Elementary,5,77,84,na,na,20230303
2022,15,Montgomery,0410,Bradley Hills Elementary,5,86,98,na,na,20230303
2022,15,Montgomery,0412,Westland Middle,4,68,na,82,na,20230303
2022,15,Montgomery,0413,North Bethesda Middle,4,72,na,89,na,20230303
2022,15,Montgomery,0415,North Chevy Chase Elementary,5,75,79,na,na,20230303
2022,15,Montgomery,0417,Wood Acres Elementary,5,84,96,na,na,20230303
2022,15,Montgomery,0419,Burning Tree Elementary,5,79,88,na,na,20230303
2022,15,Montgomery,0420,Bannockburn Elementary,5,88,99,na,na,20230303
2022,15,Montgomery,0422,Wyngate Elementary,5,84,97,na,na,20230303
2022,15,Montgomery,0424,Walter Johnson High,5,75,na,na,91,20230303
2022,15,Montgomery,0425,Ashburton Elementary,5,76,82,na,na,20230303
2022,15,Montgomery,0427,Walt Whitman High,5,83,na,na,97,20230303
2022,15,Montgomery,0428,Thomas W. Pyle Middle School,5,78,na,97,na,20230303
2022,15,Montgomery,0501,Sherwood Elementary,4,73,75,na,na,20230303
2022,15,Montgomery,0502,Olney Elementary,5,75,81,na,na,20230303
2022,15,Montgomery,0503,Sherwood High,4,68,na,na,80,20230303
2022,15,Montgomery,0504,Westover Elementary,5,78,87,na,na,20230303
2022,15,Montgomery,0505,Lucy V. Barnsley Elementary,4,69,67,na,na,20230303
2022,15,Montgomery,0506,Flower Valley Elementary,5,75,79,na,na,20230303
2022,15,Montgomery,0507,William H. Farquhar Middle,4,62,na,70,na,20230303
2022,15,Montgomery,0508,Candlewood Elementary,5,79,89,na,na,20230303
2022,15,Montgomery,0510,Col. Zadok Magruder High,4,62,na,na,64,20230303
2022,15,Montgomery,0511,Cashell Elementary,5,76,84,na,na,20230303
2022,15,Montgomery,0512,Greenwood Elementary,4,73,76,na,na,20230303
2022,15,Montgomery,0513,Belmont Elementary,5,78,86,na,na,20230303
2022,15,Montgomery,0514,Judith A. Resnik Elementary,3,51,28,na,na,20230303
2022,15,Montgomery,0517,Sligo Creek Elementary,4,68,65,na,na,20230303
2022,15,Montgomery,0518,Brooke Grove Elementary,4,74,78,na,na,20230303
2022,15,Montgomery,0521,Shady Grove Middle,3,49,na,47,na,20230303
2022,15,Montgomery,0522,Lakelands Park Middle,4,64,na,75,na,20230303
2022,15,Montgomery,0523,Spark M. Matsunaga Elementary School,4,70,71,na,na,20230303
2022,15,Montgomery,0545,Watkins Mill High,3,52,na,na,34,20230303
2022,15,Montgomery,0546,Goshen Elementary,3,59,47,na,na,20230303
2022,15,Montgomery,0549,Flower Hill Elementary,3,54,34,na,na,20230303
2022,15,Montgomery,0551,Gaithersburg High,3,52,na,na,36,20230303
2022,15,Montgomery,0552,Washington Grove Elementary,3,54,34,na,na,20230303
2022,15,Montgomery,0553,Gaithersburg Elementary,3,45,18,na,na,20230303
2022,15,Montgomery,0554,Gaithersburg Middle,2,41,na,27,na,20230303
2022,15,Montgomery,0555,Rosemont Elementary,3,50,27,na,na,20230303
2022,15,Montgomery,0556,Mill Creek Towne Elementary,4,64,58,na,na,20230303
2022,15,Montgomery,0557,Montgomery Village Middle School,2,41,na,28,na,20230303
2022,15,Montgomery,0558,Whetstone Elementary,3,56,40,na,na,20230303
2022,15,Montgomery,0559,Brown Station Elementary,3,48,23,na,na,20230303
2022,15,Montgomery,0561,Watkins Mill Elementary,2,41,12,na,na,20230303
2022,15,Montgomery,0562,Redland Middle,3,57,na,62,na,20230303
2022,15,Montgomery,0563,Summit Hall Elementary,3,45,17,na,na,20230303
2022,15,Montgomery,0564,South Lake Elementary,2,42,13,na,na,20230303
2022,15,Montgomery,0565,Sequoyah Elementary,4,69,67,na,na,20230303
2022,15,Montgomery,0566,Fields Road Elementary,4,60,47,na,na,20230303
2022,15,Montgomery,0568,Stedwick Elementary,3,55,37,na,na,20230303
2022,15,Montgomery,0569,Strawberry Knoll Elementary,3,55,37,na,na,20230303
2022,15,Montgomery,0570,Diamond Elementary,5,77,84,na,na,20230303
2022,15,Montgomery,0601,Potomac Elementary,5,83,96,na,na,20230303
2022,15,Montgomery,0602,Winston Churchill High,5,82,na,na,97,20230303
2022,15,Montgomery,0603,Seven Locks Elementary,5,86,98,na,na,20230303
2022,15,Montgomery,0604,Carderock Springs Elementary,5,88,99,na,na,20230303
2022,15,Montgomery,0606,Cabin John Middle School,5,75,na,93,na,20230303
2022,15,Montgomery,0607,Bells Mill Elementary,5,83,96,na,na,20230303
2022,15,Montgomery,0647,Silver Spring International Middle,3,46,na,39,na,20230303
2022,15,Montgomery,0652,Monocacy Elementary,5,77,84,na,na,20230303
2022,15,Montgomery,0653,Stone Mill Elementary,5,85,97,na,na,20230303
2022,15,Montgomery,0701,Damascus High,4,66,na,na,73,20230303
2022,15,Montgomery,0702,Damascus Elementary,4,63,55,na,na,20230303
2022,15,Montgomery,0703,Cedar Grove Elementary,5,79,89,na,na,20230303
2022,15,Montgomery,0704,Woodfield Elementary,5,78,87,na,na,20230303
2022,15,Montgomery,0705,John T. Baker Middle School,3,53,na,56,na,20230303
2022,15,Montgomery,0706,Clearspring Elementary,4,72,73,na,na,20230303
2022,15,Montgomery,0707,Rocky Hill Middle,3,49,na,47,na,20230303
2022,15,Montgomery,0708,Kingsview Middle,3,59,na,66,na,20230303
2022,15,Montgomery,0747,Dr. Charles R. Drew Elementary,4,62,52,na,na,20230303
2022,15,Montgomery,0749,Piney Branch Elementary,4,70,69,na,na,20230303
2022,15,Montgomery,0755,Takoma Park Middle School,3,59,na,67,na,20230303
2022,15,Montgomery,0756,East Silver Spring Elementary,4,65,59,na,na,20230303
2022,15,Montgomery,0757,Montgomery Blair High,4,63,na,na,66,20230303
2022,15,Montgomery,0761,Pine Crest Elementary,4,63,56,na,na,20230303
2022,15,Montgomery,0764,Woodlin Elementary,4,66,61,na,na,20230303
2022,15,Montgomery,0766,Oak View Elementary,4,60,48,na,na,20230303
2022,15,Montgomery,0767,Glen Haven Elementary,3,56,39,na,na,20230303
2022,15,Montgomery,0769,Oakland Terrace Elementary,4,65,60,na,na,20230303
2022,15,Montgomery,0770,Flora M. Singer Elementary School,4,63,57,na,na,20230303
2022,15,Montgomery,0771,Rolling Terrace Elementary,3,47,21,na,na,20230303
2022,15,Montgomery,0772,Viers Mill Elementary,3,57,42,na,na,20230303
2022,15,Montgomery,0773,Rock Creek Forest Elementary,5,82,94,na,na,20230303
2022,15,Montgomery,0774,Highland Elementary,4,64,57,na,na,20230303
2022,15,Montgomery,0775,Eastern Middle School,3,53,na,55,na,20230303
2022,15,Montgomery,0777,Weller Road Elementary,3,54,34,na,na,20230303
2022,15,Montgomery,0778,Sligo Middle,3,52,na,53,na,20230303
2022,15,Montgomery,0779,Sargent Shriver Elementary,3,54,35,na,na,20230303
2022,15,Montgomery,0782,Wheaton High,4,61,na,na,62,20230303
2022,15,Montgomery,0783,Kensington Parkwood Elementary,5,81,92,na,na,20230303
2022,15,Montgomery,0784,Highland View Elementary,4,72,73,na,na,20230303
2022,15,Montgomery,0786,Georgian Forest Elementary,2,42,14,na,na,20230303
2022,15,Montgomery,0787,A. Mario Loiederman Middle,2,44,na,35,na,20230303
2022,15,Montgomery,0788,Wheaton Woods Elementary,3,59,45,na,na,20230303
2022,15,Montgomery,0789,Albert Einstein High,4,63,na,na,67,20230303
2022,15,Montgomery,0790,Arcola Elementary,3,45,17,na,na,20230303
2022,15,Montgomery,0792,Newport Mill Middle,2,43,na,33,na,20230303
2022,15,Montgomery,0795,Rock View Elementary,3,52,31,na,na,20230303
2022,15,Montgomery,0796,Northwood High School,3,55,na,na,45,20230303
2022,15,Montgomery,0797,Harmony Hills Elementary,2,44,15,na,na,20230303
2022,15,Montgomery,0798,Springbrook High,4,61,na,na,62,20230303
2022,15,Montgomery,0803,Forest Knolls Elementary,5,77,84,na,na,20230303
2022,15,Montgomery,0805,Kemp Mill Elementary,3,51,29,na,na,20230303
2022,15,Montgomery,0807,Brookhaven Elementary,3,59,45,na,na,20230303
2022,15,Montgomery,0808,Cresthaven Elementary,3,50,27,na,na,20230303
2022,15,Montgomery,0811,White Oak Middle,3,50,na,49,na,20230303
2022,15,Montgomery,0812,Parkland Middle,3,50,na,50,na,20230303
2022,15,Montgomery,0815,John F. Kennedy High,3,49,na,na,28,20230303
2022,15,Montgomery,0817,Glenallan Elementary,3,53,33,na,na,20230303
2022,15,Montgomery,0818,Odessa Shannon Middle,2,35,na,17,na,20230303
2022,15,Montgomery,0819,Rock Creek Valley Elementary,4,62,53,na,na,20230303
2022,15,Montgomery,0820,Earle B. Wood Middle,3,58,na,64,na,20230303
2022,15,Montgomery,0822,Strathmore Elementary,3,56,39,na,na,20230303
2022,15,Montgomery,0823,Argyle Middle,2,41,na,30,na,20230303
2022,15,Montgomery,0835,Silver Creek Middle,3,57,na,62,na,20230303
2022,15,Montgomery,0916,Rock Terrace School,3,47,na,29,na,20230303
2022,15,Montgomery,0965,John L Gildner Regional Inst for Children & Adol,2,30,na,2,5,20230303
2022,16,Prince George's,0102,High Point High,2,42,na,na,15,20230303
2022,16,Prince George's,0104,Beltsville Academy,3,55,30,64,na,20230303
2022,16,Prince George's,0105,Calverton Elementary,3,47,22,na,na,20230303
2022,16,Prince George's,0109,James H. Harrison Elementary,4,68,65,na,na,20230303
2022,16,Prince George's,0110,Martin Luther King Jr. Middle,3,48,na,42,na,20230303
2022,16,Prince George's,0111,Vansville Elementary,4,61,50,na,na,20230303
2022,16,Prince George's,0203,Judith P. Hoyer Montessori,4,62,38,84,na,20230303
2022,16,Prince George's,0205,Bladensburg Elementary,3,51,29,na,na,20230303
2022,16,Prince George's,0208,Bladensburg High,2,36,na,na,5,20230303
2022,16,Prince George's,0210,Rogers Heights Elementary,3,58,43,na,na,20230303
2022,16,Prince George's,0211,Gladys Noon Spellman Elementary,3,55,37,na,na,20230303
2022,16,Prince George's,0213,Cooper Lane Elementary,2,40,11,na,na,20230303
2022,16,Prince George's,0214,Templeton Elementary,3,47,20,na,na,20230303
2022,16,Prince George's,0216,Annapolis Road Academy,1,15,na,na,0,20230303
2022,16,Prince George's,0217,Port Towns Elementary,2,39,9,na,na,20230303
2022,16,Prince George's,0303,Croom High,2,38,na,na,9,20230303
2022,16,Prince George's,0304,Perrywood Elementary,4,68,66,na,na,20230303
2022,16,Prince George's,0305,Patuxent Elementary,3,55,36,na,na,20230303
2022,16,Prince George's,0504,Fort Washington Forest Elementary,4,61,49,na,na,20230303
2022,16,Prince George's,0507,Rose Valley Elementary,3,47,21,na,na,20230303
2022,16,Prince George's,0509,Accokeek Academy,4,62,47,77,na,20230303
2022,16,Prince George's,0510,Potomac Landing Elementary,4,61,49,na,na,20230303
2022,16,Prince George's,0511,Friendly High,2,42,na,na,16,20230303
2022,16,Prince George's,0603,Suitland High,2,36,na,na,4,20230303
2022,16,Prince George's,0606,Bradbury Heights Elementary,2,39,9,na,na,20230303
2022,16,Prince George's,0607,Hillcrest Heights Elementary,2,39,9,na,na,20230303
2022,16,Prince George's,0610,North Forestville Elementary,3,46,18,na,na,20230303
2022,16,Prince George's,0613,District Heights Elementary,2,43,15,na,na,20230303
2022,16,Prince George's,0615,Benjamin Stoddert Middle,2,38,na,22,na,20230303
2022,16,Prince George's,0617,Francis Scott Key Elementary,2,42,14,na,na,20230303
2022,16,Prince George's,0618,Longfields Elementary,4,64,57,na,na,20230303
2022,16,Prince George's,0619,Princeton Elementary,2,37,7,na,na,20230303
2022,16,Prince George's,0622,Thurgood Marshall Middle School,2,34,na,16,na,20230303
2022,16,Prince George's,0632,Allenwood Elementary,2,43,15,na,na,20230303
2022,16,Prince George's,0633,Overlook Elementary,3,49,25,na,na,20230303
2022,16,Prince George's,0636,William Beanes Elementary,2,40,11,na,na,20230303
2022,16,Prince George's,0638,Benjamin D. Foulois Academy,4,74,80,91,na,20230303
2022,16,Prince George's,0639,Maya Angelou French Immersion,4,66,41,96,na,20230303
2022,16,Prince George's,0640,Arrowhead Elementary,3,49,25,na,na,20230303
2022,16,Prince George's,0645,Andrew Jackson Academy,2,32,2,14,na,20230303
2022,16,Prince George's,0647,Concord Elementary,3,46,19,na,na,20230303
2022,16,Prince George's,0648,Samuel P. Massie Academy,2,35,6,17,na,20230303
2022,16,Prince George's,0656,Panorama Elementary,3,50,27,na,na,20230303
2022,16,Prince George's,0660,Drew Freeman Middle,2,30,na,11,na,20230303
2022,16,Prince George's,0661,Suitland Elementary,2,41,12,na,na,20230303
2022,16,Prince George's,0662,Imagine Lincoln Public Charter,3,50,27,47,na,20230303
2022,16,Prince George's,0705,Tall Oaks High,2,33,na,na,3,20230303
2022,16,Prince George's,0706,Woodmore Elementary,4,74,77,na,na,20230303
2022,16,Prince George's,0708,Kenilworth Elementary,4,67,64,na,na,20230303
2022,16,Prince George's,0711,Tulip Grove Elementary,4,74,78,na,na,20230303
2022,16,Prince George's,0712,Heather Hills Elementary,5,80,90,na,na,20230303
2022,16,Prince George's,0714,Benjamin Tasker Middle School,4,61,na,69,na,20230303
2022,16,Prince George's,0716,Northview Elementary,3,58,43,na,na,20230303
2022,16,Prince George's,0718,Pointer Ridge Elementary,3,55,37,na,na,20230303
2022,16,Prince George's,0729,Kingsford Elementary,4,69,69,na,na,20230303
2022,16,Prince George's,0802,Baden Elementary,3,59,46,na,na,20230303
2022,16,Prince George's,0905,Tayac Elementary,3,55,37,na,na,20230303
2022,16,Prince George's,0906,Clinton Grove Elementary,3,46,19,na,na,20230303
2022,16,Prince George's,0908,Surrattsville High,2,39,na,na,10,20230303
2022,16,Prince George's,0909,James Ryder Randall Elementary,3,50,26,na,na,20230303
2022,16,Prince George's,0912,Isaac J. Gourdine Middle,3,49,na,44,na,20230303
2022,16,Prince George's,0914,Waldon Woods Elementary,3,50,27,na,na,20230303
2022,16,Prince George's,0915,Stephen Decatur Middle,2,42,na,32,na,20230303
2022,16,Prince George's,0916,Francis T. Evans Elementary,4,62,54,na,na,20230303
2022,16,Prince George's,0917,Imagine Andrews Public Charter,4,65,51,83,na,20230303
2022,16,Prince George's,1001,Laurel Elementary,3,52,32,na,na,20230303
2022,16,Prince George's,1008,Laurel High,2,40,na,na,11,20230303
2022,16,Prince George's,1009,Oaklands Elementary,3,47,20,na,na,20230303
2022,16,Prince George's,1010,Dwight D. Eisenhower Middle,2,43,na,34,na,20230303
2022,16,Prince George's,1011,Bond Mill Elementary,3,58,44,na,na,20230303
2022,16,Prince George's,1014,Scotchtown Hills Elementary,3,48,24,na,na,20230303
2022,16,Prince George's,1015,Chesapeake Math and IT Public Charter,4,73,81,88,89,20230303
2022,16,Prince George's,1101,Brandywine Elementary,3,50,26,na,na,20230303
2022,16,Prince George's,1102,Mattaponi Elementary,4,66,61,na,na,20230303
2022,16,Prince George's,1103,Gwynn Park High,3,47,na,na,26,20230303
2022,16,Prince George's,1104,Gwynn Park Middle,2,42,na,31,na,20230303
2022,16,Prince George's,1105,Rosaryville Elementary,3,49,25,na,na,20230303
2022,16,Prince George's,1201,Oxon Hill Elementary,3,57,40,na,na,20230303
2022,16,Prince George's,1204,Forest Heights Elementary,3,45,17,na,na,20230303
2022,16,Prince George's,1206,John Hanson Montessori,3,56,31,68,na,20230303
2022,16,Prince George's,1208,Flintstone Elementary,3,48,23,na,na,20230303
2022,16,Prince George's,1209,Oxon Hill High,3,55,na,na,44,20230303
2022,16,Prince George's,1213,Fort Foote Elementary,3,53,33,na,na,20230303
2022,16,Prince George's,1214,Glassmanor Elementary,3,47,22,na,na,20230303
2022,16,Prince George's,1216,Samuel Chase Elementary,2,40,11,na,na,20230303
2022,16,Prince George's,1217,Crossland High,2,37,na,na,7,20230303
2022,16,Prince George's,1218,Valley View Elementary,4,73,75,na,na,20230303
2022,16,Prince George's,1219,Barnaby Manor Elementary,2,42,13,na,na,20230303
2022,16,Prince George's,1220,Potomac High,2,36,na,na,6,20230303
2022,16,Prince George's,1221,Avalon Elementary,2,43,14,na,na,20230303
2022,16,Prince George's,1229,Apple Grove Elementary,3,49,25,na,na,20230303
2022,16,Prince George's,1231,J. Frank Dent Elementary,2,36,7,na,na,20230303
2022,16,Prince George's,1233,Indian Queen Elementary,4,66,62,na,na,20230303
2022,16,Prince George's,1234,Oxon Hill Middle,2,35,na,19,na,20230303
2022,16,Prince George's,1302,Columbia Park Elementary,3,46,19,na,na,20230303
2022,16,Prince George's,1307,Highland Park Elementary,2,41,12,na,na,20230303
2022,16,Prince George's,1309,William Paca Elementary,4,60,47,na,na,20230303
2022,16,Prince George's,1310,Dodge Park Elementary,2,44,16,na,na,20230303
2022,16,Prince George's,1314,Largo High,2,44,na,na,19,20230303
2022,16,Prince George's,1320,G. James Gholson Middle,2,33,na,14,na,20230303
2022,16,Prince George's,1322,Phyllis E. Williams Elementary,4,64,57,na,na,20230303
2022,16,Prince George's,1324,Kettering Elementary,3,49,24,na,na,20230303
2022,16,Prince George's,1326,Kettering Middle,3,50,na,50,na,20230303
2022,16,Prince George's,1327,Charles Herbert Flowers High,3,57,na,na,50,20230303
2022,16,Prince George's,1330,Kenmoor Middle,3,55,na,60,na,20230303
2022,16,Prince George's,1333,Judge Sylvania W. Woods Sr. Elementary,3,46,19,na,na,20230303
2022,16,Prince George's,1346,Lake Arbor Elementary,4,61,50,na,na,20230303
2022,16,Prince George's,1347,Cora L. Rice Elementary,2,40,10,na,na,20230303
2022,16,Prince George's,1348,Ernest Everett Just Middle,3,51,na,52,na,20230303
2022,16,Prince George's,1350,Academy of Health Sciences at PGCC,5,90,na,na,99,20230303
2022,16,Prince George's,1351,Chesapeake Math and IT South Public Charter,4,65,54,75,82,20230303
2022,16,Prince George's,1352,International High school @ Largo,3,50,na,na,28,20230303
2022,16,Prince George's,1408,Glenn Dale Elementary,3,54,36,na,na,20230303
2022,16,Prince George's,1409,Duval High,3,48,na,na,26,20230303
2022,16,Prince George's,1411,Gaywood Elementary,3,55,36,na,na,20230303
2022,16,Prince George's,1412,High Bridge Elementary,4,60,48,na,na,20230303
2022,16,Prince George's,1414,Catherine T. Reed Elementary,4,60,48,na,na,20230303
2022,16,Prince George's,1416,Dora Kennedy French Immersion,5,78,89,97,na,20230303
2022,16,Prince George's,1417,Robert Goddard Montessori,5,77,85,95,na,20230303
2022,16,Prince George's,1423,Bowie High,3,54,na,na,40,20230303
2022,16,Prince George's,1424,Montpelier Elementary,4,60,47,na,na,20230303
2022,16,Prince George's,1427,Yorktown Elementary,5,80,91,na,na,20230303
2022,16,Prince George's,1428,Samuel Ogle Middle,4,68,na,83,na,20230303
2022,16,Prince George's,1432,Rockledge Elementary,3,56,39,na,na,20230303
2022,16,Prince George's,1435,Deerfield Run Elementary,3,57,42,na,na,20230303
2022,16,Prince George's,1438,Whitehall Elementary,5,78,86,na,na,20230303
2022,16,Prince George's,1442,Excel Academy Public Charter,3,55,32,65,na,20230303
2022,16,Prince George's,1502,Frederick Douglass High,3,53,na,na,38,20230303
2022,16,Prince George's,1504,Melwood Elementary,3,51,28,na,na,20230303
2022,16,Prince George's,1510,James Madison Middle,3,52,na,53,na,20230303
2022,16,Prince George's,1511,Marlton Elementary,3,52,32,na,na,20230303
2022,16,Prince George's,1518,Barack Obama Elementary,3,58,43,na,na,20230303
2022,16,Prince George's,1519,"Dr. Henry A. Wise, Jr. High",2,43,na,na,16,20230303
2022,16,Prince George's,1521,Imagine Foundations at Leeland PCS,4,69,59,90,na,20230303
2022,16,Prince George's,1522,Imagine Foundations at Morningside PCS,3,51,17,63,na,20230303
2022,16,Prince George's,1601,Hyattsville Elementary,3,59,46,na,na,20230303
2022,16,Prince George's,1602,Hyattsville Middle,3,49,na,44,na,20230303
2022,16,Prince George's,1604,Edward M. Felegy ES,3,48,22,na,na,20230303
2022,16,Prince George's,1703,Mt Rainier Elementary,3,51,28,na,na,20230303
2022,16,Prince George's,1706,Thomas S. Stone Elementary,2,44,16,na,na,20230303
2022,16,Prince George's,1708,Northwestern High,2,37,na,na,8,20230303
2022,16,Prince George's,1709,Chillum Elementary,2,44,16,na,na,20230303
2022,16,Prince George's,1710,Ridgecrest Elementary,3,52,31,na,na,20230303
2022,16,Prince George's,1711,Carole Highlands Elementary,3,45,17,na,na,20230303
2022,16,Prince George's,1712,Lewisdale Elementary,3,54,35,na,na,20230303
2022,16,Prince George's,1713,Cesar Chavez Elementary,4,70,71,na,na,20230303
2022,16,Prince George's,1714,Adelphi Elementary,3,58,44,na,na,20230303
2022,16,Prince George's,1718,Nicholas Orem Middle,3,49,na,47,na,20230303
2022,16,Prince George's,1719,Langley Park/McCormick Elementary,3,49,26,na,na,20230303
2022,16,Prince George's,1725,Cool Spring Elementary,3,47,20,na,na,20230303
2022,16,Prince George's,1730,Mary Harris Mother Jones Elementary,3,47,21,na,na,20230303
2022,16,Prince George's,1731,Rosa L. Parks Elementary,3,46,18,na,na,20230303
2022,16,Prince George's,1732,International High School @ Langley Park,3,51,na,na,33,20230303
2022,16,Prince George's,1802,Seat Pleasant Elementary,2,40,10,na,na,20230303
2022,16,Prince George's,1806,Fairmont Heights High,2,40,na,na,12,20230303
2022,16,Prince George's,1808,Doswell E. Brooks Elementary,3,49,24,na,na,20230303
2022,16,Prince George's,1810,Central High,2,37,na,na,7,20230303
2022,16,Prince George's,1811,Carmody Hills Elementary,2,42,13,na,na,20230303
2022,16,Prince George's,1812,Capitol Heights Elementary,5,81,92,na,na,20230303
2022,16,Prince George's,1814,Thomas G. Pullen School,5,76,83,94,na,20230303
2022,16,Prince George's,1816,John H. Bayne Elementary,2,38,9,na,na,20230303
2022,16,Prince George's,1819,Walker Mill Middle,3,47,na,40,na,20230303
2022,16,Prince George's,1828,Robert R. Gray Elementary,3,47,22,na,na,20230303
2022,16,Prince George's,1830,William W. Hall Academy,2,40,10,27,na,20230303
2022,16,Prince George's,1901,Riverdale Elementary,3,51,29,na,na,20230303
2022,16,Prince George's,1902,University Park Elementary,4,65,61,na,na,20230303
2022,16,Prince George's,1907,Beacon Heights Elementary,3,52,30,na,na,20230303
2022,16,Prince George's,1908,William Wirt Middle,2,44,na,35,na,20230303
2022,16,Prince George's,1909,Parkdale High,2,41,na,na,13,20230303
2022,16,Prince George's,2003,Seabrook Elementary,4,66,61,na,na,20230303
2022,16,Prince George's,2005,Carrollton Elementary,3,57,41,na,na,20230303
2022,16,Prince George's,2006,Glenridge Elementary,3,47,21,na,na,20230303
2022,16,Prince George's,2007,Woodridge Elementary,3,59,45,na,na,20230303
2022,16,Prince George's,2008,Ardmore Elementary,4,68,65,na,na,20230303
2022,16,Prince George's,2009,Thomas Johnson Middle,2,43,na,32,na,20230303
2022,16,Prince George's,2010,Glenarden Woods Elementary,5,88,99,na,na,20230303
2022,16,Prince George's,2011,Charles Carroll Middle,2,42,na,31,na,20230303
2022,16,Prince George's,2013,James McHenry Elementary,3,47,21,na,na,20230303
2022,16,Prince George's,2014,Lamont Elementary,3,59,46,na,na,20230303
2022,16,Prince George's,2016,Robert Frost Elementary,4,62,52,na,na,20230303
2022,16,Prince George's,2023,Legends Public Charter School,3,54,35,na,na,20230303
2022,16,Prince George's,2106,Greenbelt Elementary,4,60,48,na,na,20230303
2022,16,Prince George's,2107,Hollywood Elementary,3,55,36,na,na,20230303
2022,16,Prince George's,2108,Buck Lodge Middle,3,46,na,37,na,20230303
2022,16,Prince George's,2109,Berwyn Heights Elementary,3,58,45,na,na,20230303
2022,16,Prince George's,2113,Springhill Lake Elementary,2,43,15,na,na,20230303
2022,16,Prince George's,2114,Eleanor Roosevelt High,4,65,na,na,72,20230303
2022,16,Prince George's,2121,Cherokee Lane Elementary,3,45,18,na,na,20230303
2022,16,Prince George's,2122,Magnolia Elementary,3,54,34,na,na,20230303
2022,16,Prince George's,2123,Paint Branch Elementary,3,49,25,na,na,20230303
2022,16,Prince George's,2141,Greenbelt Middle,3,54,na,57,na,20230303
2022,16,Prince George's,2142,College Park Academy,4,68,na,69,92,20230303
2022,16,Prince George's,2220,Community Based Classrooms,3,53,na,na,38,20230303
2022,17,Queen Anne's,0101,Sudlersville Middle School,4,60,49,66,na,20230303
2022,17,Queen Anne's,0106,Sudlersville Elementary School,4,61,51,na,na,20230303
2022,17,Queen Anne's,0202,Church Hill Elementary School,5,75,80,na,na,20230303
2022,17,Queen Anne's,0301,Queen Anne's County High School,4,60,na,na,57,20230303
2022,17,Queen Anne's,0302,Kennard Elementary School,4,72,74,na,na,20230303
2022,17,Queen Anne's,0303,Centreville Middle School,4,69,na,84,na,20230303
2022,17,Queen Anne's,0403,Bayside Elementary School,5,76,83,na,na,20230303
2022,17,Queen Anne's,0404,Stevensville Middle School,4,61,na,69,na,20230303
2022,17,Queen Anne's,0405,Kent Island High School,4,63,na,na,66,20230303
2022,17,Queen Anne's,0406,Matapeake Elementary School,5,82,95,na,na,20230303
2022,17,Queen Anne's,0407,Matapeake Middle School,4,73,na,91,na,20230303
2022,17,Queen Anne's,0503,Grasonville Elementary School,5,77,84,na,na,20230303
2022,18,Saint Mary's,0101,Spring Ridge Middle,3,50,na,50,na,20230303
2022,18,Saint Mary's,0104,Ridge Elementary,4,71,72,na,na,20230303
2022,18,Saint Mary's,0201,Piney Point Elementary,4,70,71,na,na,20230303
2022,18,Saint Mary's,0301,Leonardtown Elementary,4,69,67,na,na,20230303
2022,18,Saint Mary's,0302,Benjamin Banneker Elementary,4,64,58,na,na,20230303
2022,18,Saint Mary's,0303,Chopticon High,4,66,na,na,74,20230303
2022,18,Saint Mary's,0305,Leonardtown Middle,4,72,na,89,na,20230303
2022,18,Saint Mary's,0306,Leonardtown High,4,71,na,na,83,20230303
2022,18,Saint Mary's,0308,Captain Walter Francis Duke Elementary,4,74,78,na,na,20230303
2022,18,Saint Mary's,0404,Margaret Brent Middle,4,68,na,82,na,20230303
2022,18,Saint Mary's,0501,Lettie Marshall Dent Elem,4,72,74,na,na,20230303
2022,18,Saint Mary's,0503,White Marsh Elementary,5,80,90,na,na,20230303
2022,18,Saint Mary's,0504,Mechanicsville Elementary,3,57,42,na,na,20230303
2022,18,Saint Mary's,0602,Oakville Elementary,4,72,75,na,na,20230303
2022,18,Saint Mary's,0604,Hollywood Elementary,4,68,66,na,na,20230303
2022,18,Saint Mary's,0606,Evergreen Elementary School,5,78,88,na,na,20230303
2022,18,Saint Mary's,0702,Dynard Elementary,5,75,79,na,na,20230303
2022,18,Saint Mary's,0801,Great Mills High,3,57,na,na,49,20230303
2022,18,Saint Mary's,0803,Green Holly Elementary School,4,62,53,na,na,20230303
2022,18,Saint Mary's,0804,Lexington Park Elementary,3,46,20,na,na,20230303
2022,18,Saint Mary's,0805,George Washington Carver Elementary,2,42,14,na,na,20230303
2022,18,Saint Mary's,0806,Town Creek Elementary,4,68,65,na,na,20230303
2022,18,Saint Mary's,0807,Esperanza Middle,4,68,na,81,na,20230303
2022,18,Saint Mary's,0808,Park Hall Elementary,4,61,50,na,na,20230303
2022,18,Saint Mary's,0810,Greenview Knolls Elementary,4,60,48,na,na,20230303
2022,18,Saint Mary's,0813,Chesapeake Charter School,5,76,80,98,na,20230303
2022,19,Somerset,0102,Washington Academy and High School,2,41,na,20,22,20230303
2022,19,Somerset,0107,Greenwood Elementary School,3,51,28,na,na,20230303
2022,19,Somerset,0702,Crisfield Academy and High School,3,48,na,46,25,20230303
2022,19,Somerset,0705,Carter G Woodson Elementary,3,52,32,na,na,20230303
2022,19,Somerset,1303,Somerset 6/7 Intermediate School,2,31,na,12,na,20230303
2022,19,Somerset,1401,Deal Island School,4,73,76,na,na,20230303
2022,20,Talbot,0101,Easton High,3,55,na,na,44,20230303
2022,20,Talbot,0104,Easton Elementary,3,56,40,na,na,20230303
2022,20,Talbot,0106,Easton Middle,3,49,na,45,na,20230303
2022,20,Talbot,0202,St. Michaels Middle/High School,4,63,na,70,68,20230303
2022,20,Talbot,0204,St. Michaels Elementary,4,66,62,na,na,20230303
2022,20,Talbot,0302,White Marsh Elementary,4,65,59,na,na,20230303
2022,20,Talbot,0401,Chapel District Elementary,5,76,83,na,na,20230303
2022,20,Talbot,0501,Tilghman Elementary,4,73,76,na,na,20230303
2022,21,Washington,0040,Barbara Ingram School for the Arts,5,81,na,na,96,20230303
2022,21,Washington,0101,Sharpsburg Elementary,4,73,77,na,na,20230303
2022,21,Washington,0190,Jonathan Hager Elementary,4,65,60,na,na,20230303
2022,21,Washington,0201,Springfield Middle,4,61,na,68,na,20230303
2022,21,Washington,0202,Williamsport Elementary,5,76,83,na,na,20230303
2022,21,Washington,0204,Williamsport High,3,56,na,na,48,20230303
2022,21,Washington,0301,South Hagerstown High,3,53,na,na,37,20230303
2022,21,Washington,0302,Emma K. Doub Elementary,4,70,71,na,na,20230303
2022,21,Washington,0304,E. Russell Hicks Middle,4,62,na,72,na,20230303
2022,21,Washington,0305,Washington County Technical High,4,72,na,na,85,20230303
2022,21,Washington,0325,Rockland Woods Elementary,4,74,78,na,na,20230303
2022,21,Washington,0401,Clear Spring Middle,5,75,na,93,na,20230303
2022,21,Washington,0402,Clear Spring Elementary,4,65,61,na,na,20230303
2022,21,Washington,0403,Clear Spring High,4,68,na,na,78,20230303
2022,21,Washington,0501,Hancock Middle Senior High,3,59,na,61,63,20230303
2022,21,Washington,0502,Hancock Elementary,4,66,62,na,na,20230303
2022,21,Washington,0601,Boonsboro High,4,71,na,na,84,20230303
2022,21,Washington,0602,Boonsboro Middle,4,74,na,92,na,20230303
2022,21,Washington,0603,Boonsboro Elementary,5,82,94,na,na,20230303
2022,21,Washington,0701,Smithsburg High,4,68,na,na,79,20230303
2022,21,Washington,0702,Smithsburg Elementary,4,72,74,na,na,20230303
2022,21,Washington,0704,Smithsburg Middle,5,76,na,95,na,20230303
2022,21,Washington,0902,Paramount Elementary,5,80,91,na,na,20230303
2022,21,Washington,0903,Old Forge Elementary,5,78,87,na,na,20230303
2022,21,Washington,1002,Eastern Elementary,4,62,52,na,na,20230303
2022,21,Washington,1101,Pleasant Valley Elementary,5,75,79,na,na,20230303
2022,21,Washington,1301,Maugansville Elementary,4,65,60,na,na,20230303
2022,21,Washington,1401,Cascade Elementary,4,66,63,na,na,20230303
2022,21,Washington,1602,Greenbrier Elementary,5,78,86,na,na,20230303
2022,21,Washington,1701,Bester Elementary,3,45,17,na,na,20230303
2022,21,Washington,1802,Pangborn Elementary,3,53,32,na,na,20230303
2022,21,Washington,1805,Potomac Heights Elementary,4,70,70,na,na,20230303
2022,21,Washington,2002,Fountain Rock Elementary,4,72,74,na,na,20230303
2022,21,Washington,2101,North Hagerstown High,4,62,na,na,65,20230303
2022,21,Washington,2102,Northern Middle,3,58,na,64,na,20230303
2022,21,Washington,2501,Western Heights Middle,3,51,na,52,na,20230303
2022,21,Washington,2503,Salem Avenue Elementary,4,63,55,na,na,20230303
2022,21,Washington,2601,Lincolnshire Elementary,3,59,46,na,na,20230303
2022,21,Washington,2602,Hickory Elementary,3,56,39,na,na,20230303
2022,21,Washington,2701,Fountaindale Elementary,5,80,91,na,na,20230303
2022,22,Wicomico,0102,Mardela Middle & High,4,65,na,72,76,20230303
2022,22,Wicomico,0106,Northwestern Elementary,4,65,60,na,na,20230303
2022,22,Wicomico,0406,Pittsville Elementary & Middle,4,64,54,78,na,20230303
2022,22,Wicomico,0510,Wicomico Middle,2,36,na,19,na,20230303
2022,22,Wicomico,0512,East Salisbury Elementary,3,48,23,na,na,20230303
2022,22,Wicomico,0513,Wicomico High,3,46,na,na,24,20230303
2022,22,Wicomico,0515,Glen Avenue School,3,48,23,na,na,20230303
2022,22,Wicomico,0520,Wicomico County Evening High,1,29,na,na,2,20230303
2022,22,Wicomico,0905,North Salisbury Elementary,4,67,64,na,na,20230303
2022,22,Wicomico,0906,Pemberton Elementary,3,57,42,na,na,20230303
2022,22,Wicomico,0910,Salisbury Middle,2,41,na,29,na,20230303
2022,22,Wicomico,1103,Delmar Elementary,4,63,57,na,na,20230303
2022,22,Wicomico,1305,Pinehurst Elementary,3,52,31,na,na,20230303
2022,22,Wicomico,1306,Prince Street School,3,49,24,na,na,20230303
2022,22,Wicomico,1307,James M. Bennett High,3,47,na,na,25,20230303
2022,22,Wicomico,1308,Bennett Middle,3,52,na,52,na,20230303
2022,22,Wicomico,1309,Parkside High,3,56,na,na,47,20230303
2022,22,Wicomico,1502,Westside Intermediate,4,74,79,na,na,20230303
2022,22,Wicomico,1602,Fruitland Intermediate,4,62,53,na,na,20230303
2022,23,Worcester,0107,Pocomoke High,4,63,na,na,67,20230303
2022,23,Worcester,0108,Pocomoke Middle,4,66,69,71,na,20230303
2022,23,Worcester,0207,Snow Hill High,4,68,na,na,80,20230303
2022,23,Worcester,0208,Snow Hill Middle,4,62,50,74,na,20230303
2022,23,Worcester,0308,Stephen Decatur Middle,4,71,na,87,na,20230303
2022,23,Worcester,0310,Stephen Decatur High,3,59,na,na,56,20230303
2022,23,Worcester,0311,Berlin Intermediate,4,61,49,na,na,20230303
2022,23,Worcester,0312,Showell Elementary,4,70,71,na,na,20230303
2022,23,Worcester,0901,Buckingham Elementary,4,71,72,na,na,20230303
2022,23,Worcester,1001,Ocean City Elementary,5,82,94,na,na,20230303
2022,30,Baltimore City,0004,Steuart Hill Academic Academy,1,28,1,na,na,20230303
2022,30,Baltimore City,0007,Cecil Elementary,2,33,5,na,na,20230303
2022,30,Baltimore City,0008,City Springs Elementary/Middle,2,36,5,25,na,20230303
2022,30,Baltimore City,0010,James McHenry Elementary/Middle,1,26,0,23,na,20230303
2022,30,Baltimore City,0011,Eutaw-Marshburn Elementary,2,31,2,na,na,20230303
2022,30,Baltimore City,0012,Lakeland Elementary/Middle,2,44,14,38,na,20230303
2022,30,Baltimore City,0013,Tench Tilghman Elementary/Middle,3,45,13,48,na,20230303
2022,30,Baltimore City,0015,Stadium School,1,20,na,1,na,20230303
2022,30,Baltimore City,0016,Johnston Square Elementary,1,28,1,na,na,20230303
2022,30,Baltimore City,0021,Hilton Elementary,2,33,4,na,na,20230303
2022,30,Baltimore City,0022,George Washington Elementary,2,38,8,na,na,20230303
2022,30,Baltimore City,0023,Wolfe Street Academy,3,50,28,na,na,20230303
2022,30,Baltimore City,0027,Commodore John Rodgers Elementary/Middle,2,41,11,32,na,20230303
2022,30,Baltimore City,0028,Sandtown-Winchester Achievement Academy,1,24,0,5,na,20230303
2022,30,Baltimore City,0029,Matthew A. Henson Elementary,1,28,1,na,na,20230303
2022,30,Baltimore City,0034,Charles Carroll Barrister Elementary,3,49,26,na,na,20230303
2022,30,Baltimore City,0035,Harlem Park Elementary/Middle,2,33,4,15,na,20230303
2022,30,Baltimore City,0037,Harford Heights Elementary,2,32,3,na,na,20230303
2022,30,Baltimore City,0039,"Dallas F. Nicholas, Sr., Elementary",2,32,3,na,na,20230303
2022,30,Baltimore City,0044,Montebello Elementary/Middle,2,31,3,12,na,20230303
2022,30,Baltimore City,0045,Federal Hill Preparatory Academy,3,52,31,na,na,20230303
2022,30,Baltimore City,0047,Hampstead Hill Academy,4,71,73,86,na,20230303
2022,30,Baltimore City,0050,Abbottston Elementary,2,32,3,na,na,20230303
2022,30,Baltimore City,0051,Waverly Elementary/Middle,2,33,4,14,na,20230303
2022,30,Baltimore City,0053,Margaret Brent Elementary/Middle,2,31,12,1,na,20230303
2022,30,Baltimore City,0054,Barclay Elementary/Middle,2,30,5,4,na,20230303
2022,30,Baltimore City,0055,Hampden Elementary/Middle,3,55,36,59,na,20230303
2022,30,Baltimore City,0058,Dr. Nathan A. Pitts-Ashburton Elementary/Middle,2,30,2,9,na,20230303
2022,30,Baltimore City,0060,Gwynns Falls Elementary,2,33,5,na,na,20230303
2022,30,Baltimore City,0061,Dorothy I. Height Elementary,1,27,0,na,na,20230303
2022,30,Baltimore City,0062,Park Heights Academy,2,32,3,na,na,20230303
2022,30,Baltimore City,0063,Rosemont Elementary/Middle,2,31,4,10,na,20230303
2022,30,Baltimore City,0064,Liberty Elementary,2,39,9,na,na,20230303
2022,30,Baltimore City,0066,Mount Royal Elementary/Middle,3,49,15,59,na,20230303
2022,30,Baltimore City,0067,Edgewood Elementary,2,35,6,na,na,20230303
2022,30,Baltimore City,0075,Katherine Johnson Global Academy,1,24,1,1,na,20230303
2022,30,Baltimore City,0076,Francis Scott Key Elementary/Middle,3,54,51,41,na,20230303
2022,30,Baltimore City,0081,North Bend Elementary/Middle,2,36,8,18,na,20230303
2022,30,Baltimore City,0083,William Paca Elementary,2,38,8,na,na,20230303
2022,30,Baltimore City,0084,Thomas Johnson Elementary/Middle,4,71,80,80,na,20230303
2022,30,Baltimore City,0085,Fort Worthington Elementary/Middle,1,27,1,3,na,20230303
2022,30,Baltimore City,0087,Windsor Hills Elementary/Middle,2,37,8,19,na,20230303
2022,30,Baltimore City,0088,Wildwood Elementary/Middle,1,29,2,8,na,20230303
2022,30,Baltimore City,0095,Franklin Square Elementary/Middle,2,39,2,46,na,20230303
2022,30,Baltimore City,0097,Collington Square Elementary/Middle,1,27,1,4,na,20230303
2022,30,Baltimore City,0105,Moravia Park Elementary,2,40,10,na,na,20230303
2022,30,Baltimore City,0122,The Historic Samuel Coleridge-Taylor Elementary,2,33,4,na,na,20230303
2022,30,Baltimore City,0124,Bay-Brook Elementary/Middle,1,25,4,0,na,20230303
2022,30,Baltimore City,0125,Furman Templeton Preparatory Academy,2,34,5,na,na,20230303
2022,30,Baltimore City,0130,Booker T. Washington Middle,1,16,na,0,na,20230303
2022,30,Baltimore City,0134,Walter P. Carter Elementary/Middle,2,35,2,26,na,20230303
2022,30,Baltimore City,0142,Robert W. Coleman Elementary,2,38,8,na,na,20230303
2022,30,Baltimore City,0150,Mary Ann Winterling Elementary at Bentalou,2,31,3,na,na,20230303
2022,30,Baltimore City,0159,The Historic Cherry Hill Elementary/Middle,1,27,1,5,na,20230303
2022,30,Baltimore City,0178,Excel Academy at Francis M. Wood High,1,23,na,na,0,20230303
2022,30,Baltimore City,0201,Dickey Hill Elementary/Middle,1,29,6,2,na,20230303
2022,30,Baltimore City,0203,Maree Garnett Farring Elementary/Middle,2,38,7,26,na,20230303
2022,30,Baltimore City,0204,Mary E. Rodman Elementary,2,36,7,na,na,20230303
2022,30,Baltimore City,0205,Woodhome Elementary/Middle,2,37,9,18,na,20230303
2022,30,Baltimore City,0206,Furley Elementary,2,32,4,na,na,20230303
2022,30,Baltimore City,0207,Curtis Bay Elementary,2,36,6,na,na,20230303
2022,30,Baltimore City,0210,Hazelwood Elementary/Middle,2,31,3,10,na,20230303
2022,30,Baltimore City,0211,Gardenville Elementary,2,38,9,na,na,20230303
2022,30,Baltimore City,0212,Garrett Heights Elementary/Middle,2,33,6,11,na,20230303
2022,30,Baltimore City,0213,Govans Elementary,2,43,14,na,na,20230303
2022,30,Baltimore City,0215,Highlandtown Elementary/Middle #215,2,30,7,3,na,20230303
2022,30,Baltimore City,0217,Belmont Elementary,2,30,2,na,na,20230303
2022,30,Baltimore City,0219,Yorkwood Elementary,2,41,11,na,na,20230303
2022,30,Baltimore City,0220,Morrell Park Elementary/Middle,2,39,7,34,na,20230303
2022,30,Baltimore City,0221,The Mount Washington School,3,55,54,43,na,20230303
2022,30,Baltimore City,0223,Pimlico Elementary/Middle,1,18,0,2,na,20230303
2022,30,Baltimore City,0225,Westport Academy,1,26,0,4,na,20230303
2022,30,Baltimore City,0226,Violetville Elementary/Middle,2,39,11,24,na,20230303
2022,30,Baltimore City,0228,John Ruhrah Elementary/Middle,2,39,13,19,na,20230303
2022,30,Baltimore City,0229,Holabird Academy,2,41,10,33,na,20230303
2022,30,Baltimore City,0231,The Belair-Edison School,2,36,6,22,na,20230303
2022,30,Baltimore City,0232,Thomas Jefferson Elementary/Middle,2,34,5,15,na,20230303
2022,30,Baltimore City,0233,Roland Park Elementary/Middle,4,69,77,74,na,20230303
2022,30,Baltimore City,0234,Arlington Elementary,2,44,16,na,na,20230303
2022,30,Baltimore City,0235,Glenmount Elementary/Middle,3,46,29,30,na,20230303
2022,30,Baltimore City,0236,Hamilton Elementary/Middle,3,52,27,56,na,20230303
2022,30,Baltimore City,0237,Highlandtown Elementary/Middle #237,2,33,5,12,na,20230303
2022,30,Baltimore City,0239,Benjamin Franklin High School at Masonville Cove,2,36,na,na,4,20230303
2022,30,Baltimore City,0240,Graceland Park/O'Donnell Heights Elementary/Middle,2,37,6,25,na,20230303
2022,30,Baltimore City,0241,Fallstaff Elementary/Middle,2,36,7,17,na,20230303
2022,30,Baltimore City,0242,Northwood Elementary,3,45,17,na,na,20230303
2022,30,Baltimore City,0243,Armistead Gardens Elementary/Middle,3,48,25,40,na,20230303
2022,30,Baltimore City,0245,Leith Walk Elementary/Middle,2,32,2,13,na,20230303
2022,30,Baltimore City,0246,Beechfield Elementary/Middle,1,22,1,0,na,20230303
2022,30,Baltimore City,0247,Cross Country Elementary/Middle,3,45,12,45,na,20230303
2022,30,Baltimore City,0248,Sinclair Lane Elementary,2,37,8,na,na,20230303
2022,30,Baltimore City,0249,Medfield Heights Elementary,4,61,50,na,na,20230303
2022,30,Baltimore City,0250,"Dr. Bernard Harris, Sr., Elementary",1,27,1,na,na,20230303
2022,30,Baltimore City,0251,Callaway Elementary,2,33,5,na,na,20230303
2022,30,Baltimore City,0256,Calvin M. Rodwell Elementary/Middle,2,33,6,10,na,20230303
2022,30,Baltimore City,0260,Frederick Elementary,2,31,3,na,na,20230303
2022,30,Baltimore City,0262,Empowerment Academy,2,43,15,33,na,20230303
2022,30,Baltimore City,0301,William S. Baer School,1,21,na,2,na,20230303
2022,30,Baltimore City,0314,Sharp-Leadenhall Elementary/Middle,1,20,0,na,na,20230303
2022,30,Baltimore City,0321,Midtown Academy,4,62,52,73,na,20230303
2022,30,Baltimore City,0322,New Song Academy,2,34,11,7,na,20230303
2022,30,Baltimore City,0323,The Crossroads School,3,57,na,62,na,20230303
2022,30,Baltimore City,0325,ConneXions: A Community Based Arts School,1,28,na,0,10,20230303
2022,30,Baltimore City,0326,City Neighbors Charter School,3,54,28,63,na,20230303
2022,30,Baltimore City,0327,Patterson Park Public Charter School,3,53,28,60,na,20230303
2022,30,Baltimore City,0328,Southwest Baltimore Charter School,2,32,4,13,na,20230303
2022,30,Baltimore City,0332,The Green School of Baltimore,4,63,55,na,na,20230303
2022,30,Baltimore City,0333,Independence School Local I,2,41,na,na,12,20230303
2022,30,Baltimore City,0335,Baltimore International Academy,3,49,18,56,na,20230303
2022,30,Baltimore City,0336,Baltimore Montessori Public Charter School,3,45,13,46,na,20230303
2022,30,Baltimore City,0341,The Reach! Partnership School,2,43,na,na,18,20230303
2022,30,Baltimore City,0345,Joseph C. Briscoe Academy,1,25,na,5,na,20230303
2022,30,Baltimore City,0346,City Neighbors Hamilton,4,64,53,79,na,20230303
2022,30,Baltimore City,0347,KIPP Harmony Academy,2,38,10,20,na,20230303
2022,30,Baltimore City,0348,Baltimore Leadership School for Young Women,2,43,na,13,39,20230303
2022,30,Baltimore City,0362,Bard High School Early College,3,59,na,na,55,20230303
2022,30,Baltimore City,0364,Bluford Drew Jemison STEM Academy West,2,35,na,8,18,20230303
2022,30,Baltimore City,0368,Elmer A. Henderson: A Johns Hopkins Partnership,3,49,16,57,na,20230303
2022,30,Baltimore City,0371,Lillie May Carroll Jackson School,1,25,0,11,na,20230303
2022,30,Baltimore City,0373,Tunbridge Public Charter School,4,69,53,96,na,20230303
2022,30,Baltimore City,0374,Vanguard Collegiate Middle,1,28,na,7,na,20230303
2022,30,Baltimore City,0375,Baltimore Collegiate School for Boys,2,30,2,9,na,20230303
2022,30,Baltimore City,0376,City Neighbors High,3,50,na,na,31,20230303
2022,30,Baltimore City,0377,Green Street Academy,3,48,na,24,51,20230303
2022,30,Baltimore City,0382,Baltimore Design School,3,46,na,21,46,20230303
2022,30,Baltimore City,0384,Creative City Public Charter School,2,40,10,na,na,20230303
2022,30,Baltimore City,0385,Baltimore International Academy West,1,24,na,6,na,20230303
2022,30,Baltimore City,0386,Clay Hill Public Charter School,2,36,7,na,na,20230303
2022,30,Baltimore City,0400,Edmondson-Westside High,2,42,na,na,16,20230303
2022,30,Baltimore City,0403,Baltimore Polytechnic Institute,4,73,na,na,88,20230303
2022,30,Baltimore City,0405,Patterson High,2,38,na,na,9,20230303
2022,30,Baltimore City,0406,Forest Park High,2,42,na,na,15,20230303
2022,30,Baltimore City,0407,Western High,3,59,na,na,56,20230303
2022,30,Baltimore City,0410,Mergenthaler Vocational-Technical High,2,43,na,na,17,20230303
2022,30,Baltimore City,0413,Achievement Academy at Harbor City High,1,26,na,na,1,20230303
2022,30,Baltimore City,0414,Paul Laurence Dunbar High,3,50,na,na,30,20230303
2022,30,Baltimore City,0415,Baltimore School for the Arts,5,78,na,na,93,20230303
2022,30,Baltimore City,0416,Digital Harbor High School,2,42,na,na,14,20230303
2022,30,Baltimore City,0419,Reginald F. Lewis High,2,33,na,na,2,20230303
2022,30,Baltimore City,0421,National Academy Foundation,2,34,na,5,12,20230303
2022,30,Baltimore City,0422,New Era Academy,2,36,na,na,6,20230303
2022,30,Baltimore City,0427,Academy for College and Career Exploration,2,36,na,6,19,20230303
2022,30,Baltimore City,0429,Vivien T. Thomas Medical Arts Academy,2,43,na,na,17,20230303
2022,30,Baltimore City,0430,Augusta Fells Savage Institute of Visual Arts,2,36,na,na,4,20230303
2022,30,Baltimore City,0432,Coppin Academy,3,45,na,na,23,20230303
2022,30,Baltimore City,0433,Renaissance Academy,1,25,na,na,0,20230303
2022,30,Baltimore City,0450,Frederick Douglass High,2,34,na,na,3,20230303
2022,30,Baltimore City,0454,Carver Vocational-Technical High,2,44,na,na,20,20230303
2022,30,Baltimore City,0480,Baltimore City College,4,71,na,na,83,20230303
2022,32,SEED,1000,The Seed School of Maryland,3,45,na,24,35,20230303
