Academic Year,LEA Number,LEA Name,School Number,School Name,Total HS Completers,Diploma Count ,Diploma Pct,Certificate Count,Certificate Pct,USM Requirements Count,USM Requirements Pct,CTE Requirements Count,CTE Requirements Pct,USM and CTE Requirements Count,USM and CTE Requirements Pct,Met Rigorous Indicator Count,Met Rigorous Indicator Pct,Rigorous Foreign Language Count,Rigorous Foreign Language Pct,Rigorous Math Count,Rigorous Math Pct,Rigorous Science Count,Rigorous Science Pct,Rigorous Tech Ed Count,Rigorous Tech Ed Pct,Rigorous SAT OR ACT Count,Rigorous SAT OR ACT Pct,Rigorous GPA Count,Rigorous GPA Pct,Create Date 
2022,01,Allegany,0405,Fort Hill High,116,*,>= 95.0,*,<= 5.0,57,49.1,*,<= 5.0,6,5.2,20,17.2,61,52.6,53,45.7,21,18.1,13,11.2,10,8.6,68,58.6,20221114
2022,01,Allegany,0601,Center for Career & Technical Education,106,*,>= 95.0,*,<= 5.0,*,<= 5.0,89,84.0,16,15.1,*,<= 5.0,20,18.9,23,21.7,10,9.4,7,6.6,*,<= 5.0,55,51.9,20221114
2022,01,Allegany,0606,Allegany High,186,*,>= 95.0,*,<= 5.0,87,46.8,*,<= 5.0,30,16.1,35,18.8,96,51.6,102,54.8,27,14.5,24,12.9,21,11.3,116,62.4,20221114
2022,01,Allegany,2404,Mountain Ridge High School,156,*,>= 95.0,*,<= 5.0,85,54.5,*,<= 5.0,15,9.6,39,25.0,95,60.9,88,56.4,27,17.3,28,17.9,26,16.7,111,71.2,20221114
2022,01,Allegany,A,All Allegany Schools,564,*,>= 95.0,*,<= 5.0,229,40.6,99,17.6,67,11.9,97,17.2,272,48.2,266,47.2,85,15.1,72,12.8,57,10.1,350,62.1,20221114
2022,02,Anne Arundel,1033,Glen Burnie High,462,*,>= 95.0,*,<= 5.0,284,61.5,*,<= 5.0,100,21.6,66,14.3,192,41.6,192,41.6,52,11.3,39,8.4,37,8.0,214,46.3,20221114
2022,02,Anne Arundel,1274,Marley Glen School,*,*,*,*,*,*,*,*,*,*,*,*,*,*,*,*,*,*,*,*,*,*,*,*,*,20221114
2022,02,Anne Arundel,1323,North County High,496,*,>= 95.0,*,<= 5.0,369,74.4,*,<= 5.0,49,9.9,101,20.4,317,63.9,174,35.1,87,17.5,39,7.9,87,17.5,227,45.8,20221114
2022,02,Anne Arundel,2013,Severna Park High,443,*,>= 95.0,*,<= 5.0,402,90.7,*,<= 5.0,27,6.1,235,53.0,345,77.9,282,63.7,127,28.7,97,21.9,236,53.3,338,76.3,20221114
2022,02,Anne Arundel,2023,Northeast High,300,*,>= 95.0,*,<= 5.0,222,74.0,20,6.7,52,17.3,39,13.0,144,48.0,137,45.7,33,11.0,*,<= 5.0,37,12.3,146,48.7,20221114
2022,02,Anne Arundel,2233,Anne Arundel Evening High,108,*,>= 95.0,*,<= 5.0,64,59.3,11,10.2,*,<= 5.0,*,<= 5.0,26,24.1,12,11.1,*,<= 5.0,*,<= 5.0,*,<= 5.0,7,6.5,20221114
2022,02,Anne Arundel,2273,Chesapeake High,331,*,>= 95.0,*,<= 5.0,250,75.5,22,6.6,28,8.5,68,20.5,192,58.0,157,47.4,43,13.0,*,<= 5.0,62,18.7,194,58.6,20221114
2022,02,Anne Arundel,2363,Broadneck High,532,*,>= 95.0,*,<= 5.0,456,85.7,27,5.1,35,6.6,183,34.4,345,64.8,298,56.0,125,23.5,*,<= 5.0,163,30.6,367,69.0,20221114
2022,02,Anne Arundel,3013,Arundel High,530,*,>= 95.0,*,<= 5.0,462,87.2,*,<= 5.0,41,7.7,112,21.1,292,55.1,294,55.5,43,8.1,*,<= 5.0,122,23.0,339,64.0,20221114
2022,02,Anne Arundel,3063,Crofton High School,*,*,*,*,*,*,*,*,*,*,*,*,*,*,*,*,*,*,*,*,*,*,*,*,*,20221114
2022,02,Anne Arundel,3323,Meade High,412,*,>= 95.0,*,<= 5.0,347,84.2,*,<= 5.0,46,11.2,61,14.8,241,58.5,150,36.4,48,11.7,*,<= 5.0,54,13.1,161,39.1,20221114
2022,02,Anne Arundel,3353,Old Mill High,517,*,>= 95.0,*,<= 5.0,435,84.1,*,<= 5.0,58,11.2,75,14.5,273,52.8,213,41.2,57,11.0,*,<= 5.0,77,14.9,286,55.3,20221114
2022,02,Anne Arundel,3414,Ruth Parker Eason School,*,*,*,*,*,*,*,*,*,*,*,*,*,*,*,*,*,*,*,*,*,*,*,*,*,20221114
2022,02,Anne Arundel,4013,Annapolis High,440,*,>= 95.0,*,<= 5.0,335,76.1,*,<= 5.0,39,8.9,71,16.1,287,65.2,115,26.1,55,12.5,*,<= 5.0,81,18.4,219,49.8,20221114
2022,02,Anne Arundel,4023,Southern High,249,*,>= 95.0,*,<= 5.0,178,71.5,21,8.4,20,8.0,67,26.9,142,57.0,135,54.2,49,19.7,*,<= 5.0,59,23.7,143,57.4,20221114
2022,02,Anne Arundel,4054,AACPS Virtual Academy,29,*,>= 95.0,*,<= 5.0,26,89.7,*,<= 5.0,3,10.3,3,10.3,14,48.3,11,37.9,*,<= 5.0,*,<= 5.0,2,6.9,16,55.2,20221114
2022,02,Anne Arundel,4074,Phoenix Academy,36,*,>= 95.0,*,<= 5.0,21,58.3,14,38.9,*,<= 5.0,*,<= 5.0,4,11.1,*,<= 5.0,*,<= 5.0,*,<= 5.0,*,<= 5.0,3,8.3,20221114
2022,02,Anne Arundel,4293,South River High,517,*,>= 95.0,*,<= 5.0,372,72.0,*,<= 5.0,116,22.4,218,42.2,343,66.3,291,56.3,152,29.4,94,18.2,230,44.5,334,64.6,20221114
2022,02,Anne Arundel,4304,Central Special School,*,*,*,*,*,*,*,*,*,*,*,*,*,*,*,*,*,*,*,*,*,*,*,*,*,20221114
2022,02,Anne Arundel,6223,Chesapeake Science Point,56,*,>= 95.0,*,<= 5.0,*,>= 95.0,*,<= 5.0,*,<= 5.0,39,69.6,45,80.4,49,87.5,34,60.7,*,<= 5.0,32,57.1,45,80.4,20221114
2022,02,Anne Arundel,A,All Anne Arundel Schools,5470,*,>= 95.0,*,<= 5.0,4281,78.3,*,<= 5.0,617,11.3,1338,24.5,3204,58.6,2511,45.9,908,16.6,346,6.3,1279,23.4,3041,55.6,20221114
2022,03,Baltimore County,0053,Northeast EDLP at Parkville High School,*,*,*,*,*,*,*,*,*,*,*,*,*,*,*,*,*,*,*,*,*,*,*,*,*,20221114
2022,03,Baltimore County,0111,Maiden Choice School,*,*,*,*,*,*,*,*,*,*,*,*,*,*,*,*,*,*,*,*,*,*,*,*,*,20221114
2022,03,Baltimore County,0172,Woodlawn High,339,*,>= 95.0,*,<= 5.0,186,54.9,*,<= 5.0,98,28.9,25,7.4,116,34.2,66,19.5,52,15.3,*,<= 5.0,19,5.6,69,20.4,20221114
2022,03,Baltimore County,0174,Catonsville High,449,*,>= 95.0,*,<= 5.0,232,51.7,*,<= 5.0,195,43.4,189,42.1,239,53.2,235,52.3,285,63.5,*,<= 5.0,168,37.4,242,53.9,20221114
2022,03,Baltimore County,0175,Western School of Technology,222,*,>= 95.0,*,<= 5.0,72,32.4,*,<= 5.0,144,64.9,153,68.9,190,85.6,150,67.6,182,82.0,*,<= 5.0,147,66.2,176,79.3,20221114
2022,03,Baltimore County,0271,Milford Mill Academy,292,*,>= 95.0,*,<= 5.0,133,45.5,28,9.6,102,34.9,52,17.8,138,47.3,85,29.1,116,39.7,33,11.3,29,9.9,111,38.0,20221114
2022,03,Baltimore County,0272,Randallstown High,233,*,>= 95.0,*,<= 5.0,102,43.8,26,11.2,65,27.9,41,17.6,96,41.2,73,31.3,86,36.9,*,<= 5.0,26,11.2,83,35.6,20221114
2022,03,Baltimore County,0371,Pikesville High,224,*,>= 95.0,*,<= 5.0,73,32.6,39,17.4,91,40.6,61,27.2,79,35.3,109,48.7,112,50.0,*,<= 5.0,53,23.7,90,40.2,20221114
2022,03,Baltimore County,0452,Owings Mills High,234,*,>= 95.0,*,<= 5.0,116,49.6,13,5.6,83,35.5,30,12.8,72,30.8,62,26.5,110,47.0,*,<= 5.0,12,5.1,63,26.9,20221114
2022,03,Baltimore County,0472,Franklin High,293,*,>= 95.0,*,<= 5.0,125,42.7,20,6.8,106,36.2,79,27.0,118,40.3,89,30.4,179,61.1,20,6.8,85,29.0,135,46.1,20221114
2022,03,Baltimore County,0473,New Town High,297,*,>= 95.0,*,<= 5.0,147,49.5,30,10.1,64,21.5,40,13.5,111,37.4,106,35.7,131,44.1,*,<= 5.0,21,7.1,119,40.1,20221114
2022,03,Baltimore County,0772,Hereford High,311,*,>= 95.0,*,<= 5.0,184,59.2,*,<= 5.0,99,31.8,170,54.7,202,65.0,182,58.5,186,59.8,*,<= 5.0,174,55.9,214,68.8,20221114
2022,03,Baltimore County,0872,Dulaney High,453,*,>= 95.0,*,<= 5.0,190,41.9,40,8.8,181,40.0,211,46.6,269,59.4,248,54.7,253,55.8,*,<= 5.0,220,48.6,269,59.4,20221114
2022,03,Baltimore County,0922,Ridge/Ruxton School,*,*,*,*,*,*,*,*,*,*,*,*,*,*,*,*,*,*,*,*,*,*,*,*,*,20221114
2022,03,Baltimore County,0971,Towson High,401,*,>= 95.0,*,<= 5.0,352,87.8,*,<= 5.0,22,5.5,234,58.4,269,67.1,250,62.3,338,84.3,*,<= 5.0,229,57.1,263,65.6,20221114
2022,03,Baltimore County,0972,Parkville High,439,*,>= 95.0,*,<= 5.0,207,47.2,36,8.2,158,36.0,54,12.3,126,28.7,125,28.5,139,31.7,*,<= 5.0,50,11.4,141,32.1,20221114
2022,03,Baltimore County,0973,Loch Raven High,184,*,>= 95.0,*,<= 5.0,118,64.1,*,<= 5.0,37,20.1,49,26.6,82,44.6,66,35.9,101,54.9,*,<= 5.0,38,20.7,75,40.8,20221114
2022,03,Baltimore County,0975,George W. Carver Center for Arts & Technology,245,*,>= 95.0,*,<= 5.0,167,68.2,*,<= 5.0,64,26.1,114,46.5,170,69.4,132,53.9,144,58.8,*,<= 5.0,115,46.9,177,72.2,20221114
2022,03,Baltimore County,1171,Perry Hall High,441,*,>= 95.0,*,<= 5.0,224,50.8,38,8.6,147,33.3,151,34.2,212,48.1,200,45.4,269,61.0,*,<= 5.0,110,24.9,210,47.6,20221114
2022,03,Baltimore County,1215,Battle Monument School,*,*,*,*,*,*,*,*,*,*,*,*,*,*,*,*,*,*,*,*,*,*,*,*,*,20221114
2022,03,Baltimore County,1272,Patapsco High and Center for Arts,261,*,>= 95.0,*,<= 5.0,133,51.0,50,19.2,45,17.2,37,14.2,76,29.1,98,37.5,78,29.9,17,6.5,31,11.9,107,41.0,20221114
2022,03,Baltimore County,1273,Dundalk High,369,*,>= 95.0,*,<= 5.0,128,34.7,74,20.1,92,24.9,19,5.1,61,16.5,72,19.5,86,23.3,*,<= 5.0,*,<= 5.0,85,23.0,20221114
2022,03,Baltimore County,1371,Lansdowne High,263,*,>= 95.0,*,<= 5.0,137,52.1,*,<= 5.0,81,30.8,27,10.3,111,42.2,45,17.1,82,31.2,20,7.6,*,<= 5.0,93,35.4,20221114
2022,03,Baltimore County,1473,Overlea High,240,*,>= 95.0,*,<= 5.0,137,57.1,*,<= 5.0,83,34.6,32,13.3,72,30.0,72,30.0,105,43.8,*,<= 5.0,16,6.7,60,25.0,20221114
2022,03,Baltimore County,1572,Kenwood High,326,*,>= 95.0,*,<= 5.0,120,36.8,64,19.6,90,27.6,23,7.1,66,20.2,70,21.5,68,20.9,*,<= 5.0,19,5.8,79,24.2,20221114
2022,03,Baltimore County,1573,Sparrows Point High,259,*,>= 95.0,*,<= 5.0,133,51.4,40,15.4,75,29.0,73,28.2,67,25.9,113,43.6,152,58.7,*,<= 5.0,47,18.1,126,48.6,20221114
2022,03,Baltimore County,1574,Chesapeake High,190,*,>= 95.0,*,<= 5.0,52,27.4,29,15.3,83,43.7,21,11.1,55,28.9,41,21.6,53,27.9,*,<= 5.0,13,6.8,49,25.8,20221114
2022,03,Baltimore County,1575,Eastern Technical High School,267,*,>= 95.0,*,<= 5.0,*,<= 5.0,21,7.9,230,86.1,195,73.0,187,70.0,239,89.5,*,>= 95.0,17,6.4,187,70.0,204,76.4,20221114
2022,03,Baltimore County,A,All Baltimore County Schools,7245,*,>= 95.0,*,<= 5.0,3482,48.1,626,8.6,2435,33.6,2080,28.7,3184,43.9,2928,40.4,3567,49.2,*,<= 5.0,1830,25.3,3240,44.7,20221114
2022,04,Calvert,0113,Patuxent High,226,*,>= 95.0,*,<= 5.0,121,53.5,23,10.2,74,32.7,37,16.4,116,51.3,88,38.9,12,5.3,*,<= 5.0,50,22.1,91,40.3,20221114
2022,04,Calvert,0206,Calvert Country School,*,*,*,*,*,*,*,*,*,*,*,*,*,*,*,*,*,*,*,*,*,*,*,*,*,20221114
2022,04,Calvert,0213,Calvert High,257,*,>= 95.0,*,<= 5.0,96,37.4,26,10.1,127,49.4,71,27.6,156,60.7,121,47.1,26,10.1,*,<= 5.0,90,35.0,132,51.4,20221114
2022,04,Calvert,0217,Huntingtown High School,338,*,>= 95.0,*,<= 5.0,162,47.9,25,7.4,150,44.4,109,32.2,191,56.5,181,53.6,32,9.5,*,<= 5.0,151,44.7,202,59.8,20221114
2022,04,Calvert,0314,Northern High,387,*,>= 95.0,*,<= 5.0,200,51.7,*,<= 5.0,164,42.4,157,40.6,265,68.5,258,66.7,93,24.0,*,<= 5.0,186,48.1,247,63.8,20221114
2022,04,Calvert,A,All Calvert Schools,1210,*,>= 95.0,*,<= 5.0,579,47.9,86,7.1,516,42.6,374,30.9,728,60.2,648,53.6,163,13.5,*,<= 5.0,477,39.4,673,55.6,20221114
2022,05,Caroline,0703,North Caroline High School,242,*,>= 95.0,*,<= 5.0,73,30.2,53,21.9,101,41.7,*,<= 5.0,*,<= 5.0,*,<= 5.0,*,<= 5.0,*,<= 5.0,50,20.7,134,55.4,20221114
2022,05,Caroline,0801,Colonel Richardson High School,107,*,>= 95.0,*,<= 5.0,60,56.1,*,<= 5.0,44,41.1,*,<= 5.0,*,<= 5.0,*,<= 5.0,*,<= 5.0,*,<= 5.0,18,16.8,59,55.1,20221114
2022,05,Caroline,A,All Caroline Schools,349,*,>= 95.0,*,<= 5.0,133,38.1,54,15.5,145,41.5,*,<= 5.0,*,<= 5.0,*,<= 5.0,*,<= 5.0,*,<= 5.0,68,19.5,193,55.3,20221114
2022,06,Carroll,0202,Francis Scott Key High,203,*,>= 95.0,*,<= 5.0,38,18.7,50,24.6,29,14.3,45,22.2,104,51.2,52,25.6,61,30.0,*,<= 5.0,67,33.0,105,51.7,20221114
2022,06,Carroll,0507,Liberty High,251,*,>= 95.0,*,<= 5.0,101,40.2,35,13.9,72,28.7,147,58.6,199,79.3,172,68.5,123,49.0,*,<= 5.0,174,69.3,182,72.5,20221114
2022,06,Carroll,0510,Century High,279,*,>= 95.0,*,<= 5.0,52,18.6,47,16.8,128,45.9,152,54.5,231,82.8,188,67.4,88,31.5,*,<= 5.0,180,64.5,217,77.8,20221114
2022,06,Carroll,0602,Manchester Valley High,306,*,>= 95.0,*,<= 5.0,75,24.5,61,19.9,68,22.2,121,39.5,184,60.1,130,42.5,98,32.0,*,<= 5.0,142,46.4,176,57.5,20221114
2022,06,Carroll,0704,Winters Mill High,256,*,>= 95.0,*,<= 5.0,61,23.8,50,19.5,46,18.0,75,29.3,156,60.9,65,25.4,79,30.9,*,<= 5.0,107,41.8,160,62.5,20221114
2022,06,Carroll,0707,Westminster High,366,*,>= 95.0,*,<= 5.0,89,24.3,59,16.1,97,26.5,137,37.4,181,49.5,214,58.5,108,29.5,*,<= 5.0,186,50.8,245,66.9,20221114
2022,06,Carroll,0712,Carroll Springs School,*,*,*,*,*,*,*,*,*,*,*,*,*,*,*,*,*,*,*,*,*,*,*,*,*,20221114
2022,06,Carroll,0716,Gateway School,29,*,>= 95.0,*,<= 5.0,2,6.9,10,34.5,*,<= 5.0,*,<= 5.0,7,24.1,4,13.8,2,6.9,*,<= 5.0,2,6.9,2,6.9,20221114
2022,06,Carroll,0717,Post Secondary Program,*,*,<= 5.0,*,>= 95.0,*,<= 5.0,*,<= 5.0,*,<= 5.0,*,<= 5.0,*,<= 5.0,*,<= 5.0,*,<= 5.0,*,<= 5.0,*,<= 5.0,*,<= 5.0,20221114
2022,06,Carroll,0903,Flexible Student Support,33,*,>= 95.0,*,<= 5.0,*,<= 5.0,16,48.5,*,<= 5.0,*,<= 5.0,8,24.2,4,12.1,3,9.1,*,<= 5.0,*,<= 5.0,6,18.2,20221114
2022,06,Carroll,1401,South Carroll High,238,*,>= 95.0,*,<= 5.0,70,29.4,44,18.5,53,22.3,112,47.1,167,70.2,107,45.0,129,54.2,*,<= 5.0,123,51.7,160,67.2,20221114
2022,06,Carroll,A,All Carroll Schools,1980,*,>= 95.0,*,<= 5.0,488,24.6,372,18.8,493,24.9,790,39.9,1237,62.5,936,47.3,691,34.9,*,<= 5.0,981,49.5,1253,63.3,20221114
2022,07,Cecil,0204,Bohemia Manor High,158,*,>= 95.0,*,<= 5.0,82,51.9,18,11.4,26,16.5,37,23.4,81,51.3,56,35.4,21,13.3,*,<= 5.0,44,27.8,83,52.5,20221114
2022,07,Cecil,0302,Elkton High,210,*,>= 95.0,*,<= 5.0,112,53.3,*,<= 5.0,45,21.4,58,27.6,94,44.8,80,38.1,61,29.0,27,12.9,42,20.0,103,49.0,20221114
2022,07,Cecil,0514,North East High,209,*,>= 95.0,*,<= 5.0,94,45.0,20,9.6,57,27.3,45,21.5,110,52.6,77,36.8,20,9.6,*,<= 5.0,49,23.4,109,52.2,20221114
2022,07,Cecil,0705,Perryville High,172,*,>= 95.0,*,<= 5.0,82,47.7,21,12.2,31,18.0,29,16.9,84,48.8,61,35.5,10,5.8,*,<= 5.0,39,22.7,82,47.7,20221114
2022,07,Cecil,0905,Rising Sun High,263,*,>= 95.0,*,<= 5.0,128,48.7,31,11.8,70,26.6,59,22.4,119,45.2,116,44.1,44,16.7,*,<= 5.0,70,26.6,142,54.0,20221114
2022,07,Cecil,A,All Cecil Schools,1012,*,>= 95.0,*,<= 5.0,498,49.2,100,9.9,229,22.6,228,22.5,488,48.2,390,38.5,156,15.4,*,<= 5.0,244,24.1,519,51.3,20221114
2022,08,Charles,0106,La Plata High School,281,*,>= 95.0,*,<= 5.0,131,46.6,24,8.5,86,30.6,84,29.9,131,46.6,204,72.6,75,26.7,*,<= 5.0,85,30.2,170,60.5,20221114
2022,08,Charles,0108,Maurice J. McDonough High School,232,*,>= 95.0,*,<= 5.0,106,45.7,20,8.6,43,18.5,44,19.0,127,54.7,179,77.2,48,20.7,*,<= 5.0,42,18.1,133,57.3,20221114
2022,08,Charles,0605,Thomas Stone High School,301,*,>= 95.0,*,<= 5.0,115,38.2,33,11.0,59,19.6,30,10.0,125,41.5,169,56.1,21,7.0,*,<= 5.0,35,11.6,110,36.5,20221114
2022,08,Charles,0619,Westlake High School,276,*,>= 95.0,*,<= 5.0,130,47.1,20,7.2,61,22.1,47,17.0,118,42.8,171,62.0,51,18.5,*,<= 5.0,49,17.8,130,47.1,20221114
2022,08,Charles,0623,North Point High School,460,*,>= 95.0,*,<= 5.0,146,31.7,38,8.3,218,47.4,168,36.5,284,61.7,312,67.8,142,30.9,*,<= 5.0,163,35.4,310,67.4,20221114
2022,08,Charles,0802,St. Charles High School,356,*,>= 95.0,*,<= 5.0,160,44.9,25,7.0,83,23.3,36,10.1,152,42.7,213,59.8,38,10.7,*,<= 5.0,41,11.5,149,41.9,20221114
2022,08,Charles,1002,Henry E. Lackey High School,241,*,>= 95.0,*,<= 5.0,81,33.6,50,20.7,48,19.9,29,12.0,84,34.9,120,49.8,35,14.5,*,<= 5.0,26,10.8,102,42.3,20221114
2022,08,Charles,A,All Charles Schools,2147,*,>= 95.0,*,<= 5.0,869,40.5,210,9.8,598,27.9,438,20.4,1021,47.6,1368,63.7,410,19.1,*,<= 5.0,441,20.5,1104,51.4,20221114
2022,09,Dorchester,0207,North Dorchester High School,120,*,>= 95.0,*,<= 5.0,34,28.3,31,25.8,26,21.7,18,15.0,61,50.8,28,23.3,*,<= 5.0,*,<= 5.0,22,18.3,79,65.8,20221114
2022,09,Dorchester,0713,Cambridge-South Dorchester High School,168,*,>= 95.0,*,<= 5.0,26,15.5,59,35.1,15,8.9,*,<= 5.0,40,23.8,44,26.2,*,<= 5.0,*,<= 5.0,17,10.1,18,10.7,20221114
2022,09,Dorchester,A,All Dorchester Schools,288,*,>= 95.0,*,<= 5.0,60,20.8,90,31.3,41,14.2,23,8.0,101,35.1,72,25.0,*,<= 5.0,*,<= 5.0,39,13.5,97,33.7,20221114
2022,10,Frederick,0208,Heather Ridge,*,*,*,*,*,*,*,*,*,*,*,*,*,*,*,*,*,*,*,*,*,*,*,*,*,20221114
2022,10,Frederick,0209,Frederick High,365,*,>= 95.0,*,<= 5.0,146,40.0,46,12.6,24,6.6,79,21.6,116,31.8,141,38.6,76,20.8,*,<= 5.0,102,27.9,206,56.4,20221114
2022,10,Frederick,0213,Gov. Thomas Johnson High,381,*,>= 95.0,*,<= 5.0,167,43.8,58,15.2,61,16.0,93,24.4,158,41.5,146,38.3,75,19.7,*,<= 5.0,129,33.9,246,64.6,20221114
2022,10,Frederick,0313,Middletown High,288,*,>= 95.0,*,<= 5.0,130,45.1,49,17.0,30,10.4,106,36.8,144,50.0,140,48.6,109,37.8,*,<= 5.0,144,50.0,233,80.9,20221114
2022,10,Frederick,0713,Urbana High,470,*,>= 95.0,*,<= 5.0,273,58.1,47,10.0,52,11.1,222,47.2,268,57.0,269,57.2,187,39.8,*,<= 5.0,309,65.7,383,81.5,20221114
2022,10,Frederick,0912,Linganore High,334,*,>= 95.0,*,<= 5.0,164,49.1,73,21.9,44,13.2,139,41.6,167,50.0,191,57.2,121,36.2,*,<= 5.0,163,48.8,253,75.7,20221114
2022,10,Frederick,0920,Oakdale High,321,*,>= 95.0,*,<= 5.0,145,45.2,50,15.6,54,16.8,120,37.4,144,44.9,148,46.1,91,28.3,20,6.2,188,58.6,244,76.0,20221114
2022,10,Frederick,1509,Catoctin High,154,*,>= 95.0,*,<= 5.0,55,35.7,41,26.6,12,7.8,35,22.7,65,42.2,64,41.6,34,22.1,*,<= 5.0,43,27.9,100,64.9,20221114
2022,10,Frederick,2307,Tuscarora High,377,*,>= 95.0,*,<= 5.0,137,36.3,78,20.7,47,12.5,80,21.2,152,40.3,120,31.8,77,20.4,*,<= 5.0,128,34.0,204,54.1,20221114
2022,10,Frederick,2503,Brunswick High,189,*,>= 95.0,*,<= 5.0,67,35.4,57,30.2,*,<= 5.0,53,28.0,73,38.6,87,46.0,52,27.5,*,<= 5.0,63,33.3,126,66.7,20221114
2022,10,Frederick,2610,Walkersville High,315,*,>= 95.0,*,<= 5.0,138,43.8,54,17.1,44,14.0,93,29.5,145,46.0,142,45.1,91,28.9,*,<= 5.0,112,35.6,213,67.6,20221114
2022,10,Frederick,2613,Rock Creek,*,*,*,*,*,*,*,*,*,*,*,*,*,*,*,*,*,*,*,*,*,*,*,*,*,20221114
2022,10,Frederick,A,All Frederick Schools,3202,*,>= 95.0,*,<= 5.0,1422,44.4,555,17.3,373,11.6,1020,31.9,1433,44.8,1448,45.2,913,28.5,*,<= 5.0,1381,43.1,2208,69.0,20221114
2022,11,Garrett,3512,Northern Garrett High School,103,*,>= 95.0,*,<= 5.0,10,9.7,43,41.7,49,47.6,31,30.1,57,55.3,70,68.0,30,29.1,*,<= 5.0,23,22.3,67,65.0,20221114
2022,11,Garrett,3709,Southern Garrett High School,154,*,>= 95.0,*,<= 5.0,27,17.5,46,29.9,80,51.9,36,23.4,86,55.8,71,46.1,30,19.5,*,<= 5.0,31,20.1,80,51.9,20221114
2022,11,Garrett,A,All Garrett Schools,257,*,>= 95.0,*,<= 5.0,37,14.4,89,34.6,129,50.2,67,26.1,143,55.6,141,54.9,60,23.3,*,<= 5.0,54,21.0,147,57.2,20221114
2022,12,Harford,0176,Edgewood High,282,*,>= 95.0,*,<= 5.0,143,50.7,66,23.4,15,5.3,55,19.5,98,34.8,109,38.7,49,17.4,49,17.4,67,23.8,100,35.5,20221114
2022,12,Harford,0181,Joppatowne High,139,*,>= 95.0,*,<= 5.0,44,31.7,18,12.9,51,36.7,13,9.4,49,35.3,27,19.4,11,7.9,10,7.2,17,12.2,43,30.9,20221114
2022,12,Harford,0187,Patterson Mill High School,214,*,>= 95.0,*,<= 5.0,146,68.2,*,<= 5.0,49,22.9,111,51.9,147,68.7,158,73.8,82,38.3,26,12.1,114,53.3,149,69.6,20221114
2022,12,Harford,0270,Aberdeen High,303,*,>= 95.0,*,<= 5.0,150,49.5,62,20.5,59,19.5,75,24.8,122,40.3,125,41.3,64,21.1,*,<= 5.0,71,23.4,107,35.3,20221114
2022,12,Harford,0292,Center for Educational Opportunity,*,*,*,*,*,*,*,*,*,*,*,*,*,*,*,*,*,*,*,*,*,*,*,*,*,20221114
2022,12,Harford,0296,Swan Creek School,51,*,>= 95.0,*,<= 5.0,23,45.1,*,<= 5.0,*,<= 5.0,*,<= 5.0,8,15.7,12,23.5,3,5.9,12,23.5,*,<= 5.0,8,15.7,20221114
2022,12,Harford,0304,Harford Technical High,231,*,>= 95.0,*,<= 5.0,*,<= 5.0,37,16.0,194,84.0,102,44.2,149,64.5,163,70.6,87,37.7,*,<= 5.0,96,41.6,159,68.8,20221114
2022,12,Harford,0373,Bel Air High,358,*,>= 95.0,*,<= 5.0,151,42.2,21,5.9,164,45.8,183,51.1,254,70.9,233,65.1,121,33.8,25,7.0,161,45.0,237,66.2,20221114
2022,12,Harford,0382,Fallston High,227,*,>= 95.0,*,<= 5.0,164,72.2,*,<= 5.0,47,20.7,127,55.9,184,81.1,176,77.5,109,48.0,26,11.5,116,51.1,159,70.0,20221114
2022,12,Harford,0385,C. Milton Wright High,341,*,>= 95.0,*,<= 5.0,196,57.5,22,6.5,96,28.2,162,47.5,249,73.0,190,55.7,141,41.3,*,<= 5.0,149,43.7,216,63.3,20221114
2022,12,Harford,0391,John Archer School,19,*,<= 5.0,*,>= 95.0,*,<= 5.0,*,<= 5.0,*,<= 5.0,*,<= 5.0,*,<= 5.0,*,<= 5.0,*,<= 5.0,*,<= 5.0,*,<= 5.0,9,47.4,20221114
2022,12,Harford,0580,North Harford High,280,*,>= 95.0,*,<= 5.0,150,53.6,41,14.6,75,26.8,106,37.9,172,61.4,151,53.9,92,32.9,*,<= 5.0,99,35.4,153,54.6,20221114
2022,12,Harford,0678,Havre de Grace High,151,*,>= 95.0,*,<= 5.0,81,53.6,8,5.3,43,28.5,52,34.4,87,57.6,90,59.6,31,20.5,20,13.2,51,33.8,85,56.3,20221114
2022,12,Harford,A,All Harford Schools,2601,*,>= 95.0,*,<= 5.0,1250,48.1,282,10.8,793,30.5,988,38.0,1520,58.4,1434,55.1,790,30.4,210,8.1,941,36.2,1425,54.8,20221114
2022,13,Howard,0080,Homewood School,40,*,>= 95.0,*,<= 5.0,3,7.5,22,55.0,*,<= 5.0,*,<= 5.0,4,10.0,4,10.0,4,10.0,*,<= 5.0,*,<= 5.0,4,10.0,20221114
2022,13,Howard,0203,Howard High,448,*,>= 95.0,*,<= 5.0,249,55.6,33,7.4,113,25.2,311,69.4,373,83.3,329,73.4,341,76.1,*,<= 5.0,283,63.2,352,78.6,20221114
2022,13,Howard,0207,Mount Hebron High,435,*,>= 95.0,*,<= 5.0,251,57.7,23,5.3,91,20.9,290,66.7,336,77.2,318,73.1,312,71.7,*,<= 5.0,289,66.4,354,81.4,20221114
2022,13,Howard,0214,Centennial High,360,*,>= 95.0,*,<= 5.0,252,70.0,19,5.3,46,12.8,275,76.4,295,81.9,289,80.3,298,82.8,*,<= 5.0,265,73.6,304,84.4,20221114
2022,13,Howard,0308,Marriotts Ridge High,374,*,>= 95.0,*,<= 5.0,242,64.7,*,<= 5.0,87,23.3,290,77.5,326,87.2,323,86.4,303,81.0,*,<= 5.0,282,75.4,319,85.3,20221114
2022,13,Howard,0404,Glenelg High,321,*,>= 95.0,*,<= 5.0,217,67.6,17,5.3,50,15.6,234,72.9,269,83.8,250,77.9,271,84.4,*,<= 5.0,221,68.8,275,85.7,20221114
2022,13,Howard,0509,Atholton High,366,*,>= 95.0,*,<= 5.0,169,46.2,21,5.7,123,33.6,256,69.9,294,80.3,295,80.6,269,73.5,*,<= 5.0,220,60.1,279,76.2,20221114
2022,13,Howard,0516,Wilde Lake High,291,*,>= 95.0,*,<= 5.0,129,44.3,21,7.2,34,11.7,119,40.9,211,72.5,156,53.6,144,49.5,*,<= 5.0,102,35.1,153,52.6,20221114
2022,13,Howard,0522,Cedar Lane Special Center,*,*,*,*,*,*,*,*,*,*,*,*,*,*,*,*,*,*,*,*,*,*,*,*,*,20221114
2022,13,Howard,0524,River Hill High,459,*,>= 95.0,*,<= 5.0,301,65.6,*,<= 5.0,99,21.6,359,78.2,414,90.2,383,83.4,379,82.6,*,<= 5.0,346,75.4,388,84.5,20221114
2022,13,Howard,0527,Reservoir High,391,*,>= 95.0,*,<= 5.0,206,52.7,*,<= 5.0,65,16.6,226,57.8,295,75.4,269,68.8,252,64.5,*,<= 5.0,178,45.5,258,66.0,20221114
2022,13,Howard,0611,Oakland Mills High,260,*,>= 95.0,*,<= 5.0,104,40.0,35,13.5,26,10.0,88,33.8,161,61.9,128,49.2,138,53.1,*,<= 5.0,70,26.9,138,53.1,20221114
2022,13,Howard,0619,Hammond High,309,*,>= 95.0,*,<= 5.0,134,43.4,31,10.0,34,11.0,127,41.1,217,70.2,136,44.0,173,56.0,*,<= 5.0,112,36.2,168,54.4,20221114
2022,13,Howard,0623,Long Reach High,355,*,>= 95.0,*,<= 5.0,130,36.6,45,12.7,48,13.5,112,31.5,201,56.6,160,45.1,143,40.3,*,<= 5.0,84,23.7,151,42.5,20221114
2022,13,Howard,A,All Howard Schools,4416,*,>= 95.0,*,<= 5.0,2387,54.1,315,7.1,816,18.5,2688,60.9,3396,76.9,3040,68.8,3027,68.5,*,<= 5.0,2452,55.5,3143,71.2,20221114
2022,14,Kent,0301,Kent County High,130,*,>= 95.0,*,<= 5.0,40,30.8,17,13.1,69,53.1,36,27.7,59,45.4,54,41.5,46,35.4,*,<= 5.0,26,20.0,55,42.3,20221114
2022,14,Kent,A,All Kent Schools,130,*,>= 95.0,*,<= 5.0,40,30.8,17,13.1,69,53.1,36,27.7,59,45.4,54,41.5,46,35.4,*,<= 5.0,26,20.0,55,42.3,20221114
2022,15,Montgomery,0104,Seneca Valley High,325,*,>= 95.0,*,<= 5.0,150,46.2,17,5.2,48,14.8,63,19.4,177,54.5,97,29.8,62,19.1,*,<= 5.0,69,21.2,155,47.7,20221114
2022,15,Montgomery,0125,Quince Orchard High,508,*,>= 95.0,*,<= 5.0,337,66.3,*,<= 5.0,69,13.6,243,47.8,359,70.7,295,58.1,192,37.8,*,<= 5.0,228,44.9,357,70.3,20221114
2022,15,Montgomery,0152,Poolesville High,290,*,>= 95.0,*,<= 5.0,228,78.6,*,<= 5.0,30,10.3,225,77.6,242,83.4,246,84.8,195,67.2,*,<= 5.0,241,83.1,260,89.7,20221114
2022,15,Montgomery,0201,Richard Montgomery High,586,*,>= 95.0,*,<= 5.0,465,79.4,*,<= 5.0,*,<= 5.0,361,61.6,459,78.3,394,67.2,283,48.3,*,<= 5.0,379,64.7,462,78.8,20221114
2022,15,Montgomery,0230,Rockville High,325,*,>= 95.0,*,<= 5.0,168,51.7,*,<= 5.0,56,17.2,114,35.1,207,63.7,170,52.3,64,19.7,*,<= 5.0,122,37.5,200,61.5,20221114
2022,15,Montgomery,0234,Thomas S. Wootton High,487,*,>= 95.0,*,<= 5.0,414,85.0,*,<= 5.0,*,<= 5.0,346,71.0,417,85.6,359,73.7,271,55.6,*,<= 5.0,383,78.6,432,88.7,20221114
2022,15,Montgomery,0246,Northwest High,690,*,>= 95.0,*,<= 5.0,463,67.1,*,<= 5.0,48,7.0,294,42.6,490,71.0,391,56.7,203,29.4,*,<= 5.0,316,45.8,477,69.1,20221114
2022,15,Montgomery,0249,Clarksburg High,639,*,>= 95.0,*,<= 5.0,416,65.1,*,<= 5.0,84,13.1,287,44.9,450,70.4,369,57.7,246,38.5,*,<= 5.0,303,47.4,444,69.5,20221114
2022,15,Montgomery,0315,Paint Branch High,465,*,>= 95.0,*,<= 5.0,302,64.9,*,<= 5.0,52,11.2,155,33.3,314,67.5,251,54.0,117,25.2,*,<= 5.0,156,33.5,280,60.2,20221114
2022,15,Montgomery,0321,James Hubert Blake High,440,*,>= 95.0,*,<= 5.0,304,69.1,*,<= 5.0,*,<= 5.0,152,34.5,284,64.5,226,51.4,98,22.3,*,<= 5.0,167,38.0,266,60.5,20221114
2022,15,Montgomery,0406,Bethesda-Chevy Chase High,557,*,>= 95.0,*,<= 5.0,442,79.4,*,<= 5.0,44,7.9,374,67.1,469,84.2,420,75.4,272,48.8,*,<= 5.0,405,72.7,476,85.5,20221114
2022,15,Montgomery,0424,Walter Johnson High,705,*,>= 95.0,*,<= 5.0,553,78.4,*,<= 5.0,*,<= 5.0,402,57.0,552,78.3,447,63.4,237,33.6,*,<= 5.0,503,71.3,561,79.6,20221114
2022,15,Montgomery,0427,Walt Whitman High,497,*,>= 95.0,*,<= 5.0,407,81.9,*,<= 5.0,35,7.0,396,79.7,454,91.3,418,84.1,280,56.3,*,<= 5.0,421,84.7,467,94.0,20221114
2022,15,Montgomery,0503,Sherwood High,463,*,>= 95.0,*,<= 5.0,286,61.8,*,<= 5.0,88,19.0,246,53.1,365,78.8,296,63.9,177,38.2,*,<= 5.0,260,56.2,353,76.2,20221114
2022,15,Montgomery,0510,Col. Zadok Magruder High,350,*,>= 95.0,*,<= 5.0,142,40.6,22,6.3,89,25.4,95,27.1,167,47.7,155,44.3,51,14.6,*,<= 5.0,123,35.1,198,56.6,20221114
2022,15,Montgomery,0545,Watkins Mill High,375,*,>= 95.0,*,<= 5.0,190,50.7,*,<= 5.0,44,11.7,76,20.3,225,60.0,128,34.1,64,17.1,*,<= 5.0,66,17.6,203,54.1,20221114
2022,15,Montgomery,0551,Gaithersburg High,479,*,>= 95.0,*,<= 5.0,228,47.6,*,<= 5.0,98,20.5,100,20.9,272,56.8,213,44.5,84,17.5,*,<= 5.0,92,19.2,261,54.5,20221114
2022,15,Montgomery,0602,Winston Churchill High,562,*,>= 95.0,*,<= 5.0,496,88.3,*,<= 5.0,*,<= 5.0,437,77.8,489,87.0,473,84.2,383,68.1,*,<= 5.0,440,78.3,516,91.8,20221114
2022,15,Montgomery,0701,Damascus High,318,*,>= 95.0,*,<= 5.0,248,78.0,*,<= 5.0,*,<= 5.0,140,44.0,209,65.7,201,63.2,119,37.4,*,<= 5.0,146,45.9,228,71.7,20221114
2022,15,Montgomery,0757,Montgomery Blair High,777,*,>= 95.0,*,<= 5.0,573,73.7,*,<= 5.0,*,<= 5.0,337,43.4,506,65.1,425,54.7,244,31.4,*,<= 5.0,383,49.3,485,62.4,20221114
2022,15,Montgomery,0782,Wheaton High,505,*,>= 95.0,*,<= 5.0,167,33.1,*,<= 5.0,224,44.4,162,32.1,277,54.9,299,59.2,131,25.9,*,<= 5.0,165,32.7,312,61.8,20221114
2022,15,Montgomery,0789,Albert Einstein High,393,*,>= 95.0,*,<= 5.0,288,73.3,*,<= 5.0,*,<= 5.0,127,32.3,253,64.4,221,56.2,58,14.8,*,<= 5.0,141,35.9,250,63.6,20221114
2022,15,Montgomery,0796,Northwood High School,394,*,>= 95.0,*,<= 5.0,253,64.2,*,<= 5.0,25,6.3,99,25.1,232,58.9,169,42.9,79,20.1,*,<= 5.0,104,26.4,205,52.0,20221114
2022,15,Montgomery,0798,Springbrook High,351,*,>= 95.0,*,<= 5.0,233,66.4,*,<= 5.0,22,6.3,105,29.9,231,65.8,156,44.4,94,26.8,*,<= 5.0,106,30.2,193,55.0,20221114
2022,15,Montgomery,0799,Stephen Knolls School,*,*,*,*,*,*,*,*,*,*,*,*,*,*,*,*,*,*,*,*,*,*,*,*,*,20221114
2022,15,Montgomery,0815,John F. Kennedy High,395,*,>= 95.0,*,<= 5.0,163,41.3,29,7.3,72,18.2,60,15.2,197,49.9,122,30.9,53,13.4,*,<= 5.0,57,14.4,194,49.1,20221114
2022,15,Montgomery,0916,Rock Terrace School,12,*,<= 5.0,*,>= 95.0,*,<= 5.0,*,<= 5.0,*,<= 5.0,*,<= 5.0,*,<= 5.0,*,<= 5.0,*,<= 5.0,*,<= 5.0,*,<= 5.0,2,16.7,20221114
2022,15,Montgomery,0951,Longview School,*,*,*,*,*,*,*,*,*,*,*,*,*,*,*,*,*,*,*,*,*,*,*,*,*,20221114
2022,15,Montgomery,0965,John L Gildner Regional Inst for Children & Adol,24,22,91.7,2,8.3,8,33.3,*,<= 5.0,3,12.5,*,<= 5.0,7,29.2,2,8.3,*,<= 5.0,*,<= 5.0,2,8.3,7,29.2,20221114
2022,15,Montgomery,A,All Montgomery Schools,11916,*,>= 95.0,*,<= 5.0,7924,66.5,*,<= 5.0,1262,10.6,5396,45.3,8304,69.7,6943,58.3,4057,34.0,*,<= 5.0,5778,48.5,8244,69.2,20221114
2022,16,Prince George's,0102,High Point High,500,*,>= 95.0,*,<= 5.0,338,67.6,*,<= 5.0,*,<= 5.0,90,18.0,*,>= 95.0,104,20.8,306,61.2,*,<= 5.0,*,<= 5.0,153,30.6,20221114
2022,16,Prince George's,0108,James E. Duckworth Regional Center,*,*,*,*,*,*,*,*,*,*,*,*,*,*,*,*,*,*,*,*,*,*,*,*,*,20221114
2022,16,Prince George's,0208,Bladensburg High,387,*,>= 95.0,*,<= 5.0,175,45.2,*,<= 5.0,*,<= 5.0,55,14.2,*,>= 95.0,92,23.8,183,47.3,*,<= 5.0,*,<= 5.0,102,26.4,20221114
2022,16,Prince George's,0303,Croom High,52,*,>= 95.0,*,<= 5.0,23,44.2,*,<= 5.0,*,<= 5.0,*,<= 5.0,*,>= 95.0,4,7.7,15,28.8,11,21.2,*,<= 5.0,*,<= 5.0,20221114
2022,16,Prince George's,0511,Friendly High,160,*,>= 95.0,*,<= 5.0,95,59.4,*,<= 5.0,*,<= 5.0,40,25.0,*,>= 95.0,56,35.0,94,58.8,21,13.1,*,<= 5.0,46,28.8,20221114
2022,16,Prince George's,0603,Suitland High,397,*,>= 95.0,*,<= 5.0,221,55.7,*,<= 5.0,*,<= 5.0,109,27.5,*,>= 95.0,183,46.1,233,58.7,*,<= 5.0,*,<= 5.0,140,35.3,20221114
2022,16,Prince George's,0705,Tall Oaks High,44,*,>= 95.0,*,<= 5.0,5,11.4,3,6.8,*,<= 5.0,*,<= 5.0,*,>= 95.0,*,<= 5.0,6,13.6,5,11.4,*,<= 5.0,*,<= 5.0,20221114
2022,16,Prince George's,0723,C. Elizabeth Rieg Regional Center,*,*,*,*,*,*,*,*,*,*,*,*,*,*,*,*,*,*,*,*,*,*,*,*,*,20221114
2022,16,Prince George's,0908,Surrattsville High,142,*,>= 95.0,*,<= 5.0,79,55.6,*,<= 5.0,*,<= 5.0,21,14.8,*,>= 95.0,23,16.2,68,47.9,*,<= 5.0,*,<= 5.0,46,32.4,20221114
2022,16,Prince George's,1008,Laurel High,404,*,>= 95.0,*,<= 5.0,177,43.8,*,<= 5.0,*,<= 5.0,76,18.8,*,>= 95.0,86,21.3,221,54.7,*,<= 5.0,*,<= 5.0,142,35.1,20221114
2022,16,Prince George's,1015,Chesapeake Math and IT Public Charter,165,*,>= 95.0,*,<= 5.0,139,84.2,*,<= 5.0,*,<= 5.0,62,37.6,*,>= 95.0,66,40.0,152,92.1,*,<= 5.0,*,<= 5.0,105,63.6,20221114
2022,16,Prince George's,1103,Gwynn Park High,223,*,>= 95.0,*,<= 5.0,177,79.4,*,<= 5.0,*,<= 5.0,44,19.7,*,>= 95.0,52,23.3,125,56.1,*,<= 5.0,*,<= 5.0,83,37.2,20221114
2022,16,Prince George's,1209,Oxon Hill High,315,*,>= 95.0,*,<= 5.0,219,69.5,*,<= 5.0,18,5.7,143,45.4,*,>= 95.0,164,52.1,215,68.3,48,15.2,*,<= 5.0,156,49.5,20221114
2022,16,Prince George's,1217,Crossland High,220,*,>= 95.0,*,<= 5.0,97,44.1,*,<= 5.0,17,7.7,36,16.4,*,>= 95.0,43,19.5,114,51.8,*,<= 5.0,*,<= 5.0,55,25.0,20221114
2022,16,Prince George's,1220,Potomac High,218,*,>= 95.0,*,<= 5.0,105,48.2,*,<= 5.0,*,<= 5.0,20,9.2,*,>= 95.0,46,21.1,89,40.8,*,<= 5.0,*,<= 5.0,42,19.3,20221114
2022,16,Prince George's,1314,Largo High,223,*,>= 95.0,*,<= 5.0,145,65.0,*,<= 5.0,*,<= 5.0,53,23.8,*,>= 95.0,63,28.3,100,44.8,18,8.1,*,<= 5.0,67,30.0,20221114
2022,16,Prince George's,1327,Charles Herbert Flowers High,564,*,>= 95.0,*,<= 5.0,368,65.2,*,<= 5.0,*,<= 5.0,236,41.8,*,>= 95.0,278,49.3,383,67.9,49,8.7,*,<= 5.0,308,54.6,20221114
2022,16,Prince George's,1350,Academy of Health Sciences at PGCC,141,*,>= 95.0,*,<= 5.0,*,>= 95.0,*,<= 5.0,*,<= 5.0,75,53.2,*,>= 95.0,74,52.5,*,>= 95.0,*,<= 5.0,*,<= 5.0,*,>= 95.0,20221114
2022,16,Prince George's,1351,Chesapeake Math and IT South Public Charter,77,*,>= 95.0,*,<= 5.0,60,77.9,*,<= 5.0,12,15.6,31,40.3,*,>= 95.0,57,74.0,36,46.8,*,<= 5.0,*,<= 5.0,36,46.8,20221114
2022,16,Prince George's,1352,International High school @ Largo,75,*,>= 95.0,*,<= 5.0,48,64.0,*,<= 5.0,*,<= 5.0,11,14.7,*,>= 95.0,17,22.7,47,62.7,*,<= 5.0,*,<= 5.0,20,26.7,20221114
2022,16,Prince George's,1409,Duval High,359,*,>= 95.0,*,<= 5.0,232,64.6,*,<= 5.0,*,<= 5.0,100,27.9,*,>= 95.0,131,36.5,212,59.1,22,6.1,*,<= 5.0,128,35.7,20221114
2022,16,Prince George's,1423,Bowie High,582,*,>= 95.0,*,<= 5.0,428,73.5,*,<= 5.0,*,<= 5.0,232,39.9,*,>= 95.0,284,48.8,397,68.2,*,<= 5.0,*,<= 5.0,285,49.0,20221114
2022,16,Prince George's,1502,Frederick Douglass High,301,*,>= 95.0,*,<= 5.0,213,70.8,*,<= 5.0,*,<= 5.0,78,25.9,*,>= 95.0,110,36.5,219,72.8,*,<= 5.0,*,<= 5.0,140,46.5,20221114
2022,16,Prince George's,1519,"Dr. Henry A. Wise, Jr. High",513,*,>= 95.0,*,<= 5.0,366,71.3,*,<= 5.0,*,<= 5.0,113,22.0,*,>= 95.0,159,31.0,281,54.8,*,<= 5.0,*,<= 5.0,160,31.2,20221114
2022,16,Prince George's,1708,Northwestern High,496,*,>= 95.0,*,<= 5.0,258,52.0,*,<= 5.0,*,<= 5.0,83,16.7,*,>= 95.0,90,18.1,250,50.4,*,<= 5.0,*,<= 5.0,150,30.2,20221114
2022,16,Prince George's,1732,International High School @ Langley Park,75,*,>= 95.0,*,<= 5.0,57,76.0,*,<= 5.0,*,<= 5.0,18,24.0,*,>= 95.0,25,33.3,48,64.0,*,<= 5.0,*,<= 5.0,33,44.0,20221114
2022,16,Prince George's,1806,Fairmont Heights High,196,*,>= 95.0,*,<= 5.0,103,52.6,*,<= 5.0,*,<= 5.0,26,13.3,*,>= 95.0,36,18.4,78,39.8,*,<= 5.0,*,<= 5.0,47,24.0,20221114
2022,16,Prince George's,1810,Central High,131,*,>= 95.0,*,<= 5.0,48,36.6,*,<= 5.0,*,<= 5.0,*,<= 5.0,*,>= 95.0,8,6.1,64,48.9,*,<= 5.0,*,<= 5.0,35,26.7,20221114
2022,16,Prince George's,1909,Parkdale High,469,*,>= 95.0,*,<= 5.0,263,56.1,*,<= 5.0,*,<= 5.0,89,19.0,*,>= 95.0,110,23.5,263,56.1,*,<= 5.0,*,<= 5.0,155,33.0,20221114
2022,16,Prince George's,2114,Eleanor Roosevelt High,605,*,>= 95.0,*,<= 5.0,513,84.8,*,<= 5.0,*,<= 5.0,300,49.6,*,>= 95.0,315,52.1,465,76.9,*,<= 5.0,*,<= 5.0,375,62.0,20221114
2022,16,Prince George's,2142,College Park Academy,51,*,>= 95.0,*,<= 5.0,*,>= 95.0,*,<= 5.0,*,<= 5.0,27,52.9,*,>= 95.0,40,78.4,38,74.5,*,<= 5.0,*,<= 5.0,31,60.8,20221114
2022,16,Prince George's,2220,Community Based Classrooms,64,*,>= 95.0,*,<= 5.0,11,17.2,*,<= 5.0,*,<= 5.0,*,<= 5.0,*,>= 95.0,*,<= 5.0,18,28.1,7,10.9,*,<= 5.0,*,<= 5.0,20221114
2022,16,Prince George's,A,All Prince George's Schools,8155,*,>= 95.0,*,<= 5.0,5151,63.2,*,<= 5.0,*,<= 5.0,2176,26.7,*,>= 95.0,2719,33.3,4861,59.6,*,<= 5.0,*,<= 5.0,3184,39.0,20221114
2022,17,Queen Anne's,0301,Queen Anne's County High School,252,*,>= 95.0,*,<= 5.0,127,50.4,42,16.7,81,32.1,27,10.7,41,16.3,51,20.2,55,21.8,19,7.5,84,33.3,156,61.9,20221114
2022,17,Queen Anne's,0405,Kent Island High School,281,*,>= 95.0,*,<= 5.0,138,49.1,27,9.6,103,36.7,35,12.5,44,15.7,45,16.0,49,17.4,41,14.6,141,50.2,160,56.9,20221114
2022,17,Queen Anne's,A,All Queen Anne's Schools,533,*,>= 95.0,*,<= 5.0,265,49.7,69,12.9,184,34.5,62,11.6,85,15.9,96,18.0,104,19.5,60,11.3,225,42.2,316,59.3,20221114
2022,18,Saint Mary's,0303,Chopticon High,377,*,>= 95.0,*,<= 5.0,189,50.1,126,33.4,59,15.6,81,21.5,172,45.6,144,38.2,48,12.7,*,<= 5.0,94,24.9,181,48.0,20221114
2022,18,Saint Mary's,0306,Leonardtown High,416,*,>= 95.0,*,<= 5.0,243,58.4,68,16.3,102,24.5,209,50.2,281,67.5,217,52.2,232,55.8,*,<= 5.0,193,46.4,262,63.0,20221114
2022,18,Saint Mary's,0801,Great Mills High,369,*,>= 95.0,*,<= 5.0,177,48.0,138,37.4,53,14.4,91,24.7,128,34.7,122,33.1,119,32.2,*,<= 5.0,92,24.9,169,45.8,20221114
2022,18,Saint Mary's,A,All Saint Mary's Schools,1162,*,>= 95.0,*,<= 5.0,609,52.4,332,28.6,214,18.4,381,32.8,581,50.0,483,41.6,399,34.3,*,<= 5.0,379,32.6,612,52.7,20221114
2022,19,Somerset,0102,Washington Academy and High School,98,93,94.9,5,5.1,*,<= 5.0,48,49.0,14,14.3,11,11.2,29,29.6,17,17.3,22,22.4,*,<= 5.0,8,8.2,27,27.6,20221114
2022,19,Somerset,0702,Crisfield Academy and High School,85,*,>= 95.0,*,<= 5.0,*,<= 5.0,50,58.8,11,12.9,15,17.6,24,28.2,25,29.4,22,25.9,*,<= 5.0,21,24.7,39,45.9,20221114
2022,19,Somerset,A,All Somerset Schools,183,*,>= 95.0,*,<= 5.0,*,<= 5.0,98,53.6,25,13.7,26,14.2,53,29.0,42,23.0,44,24.0,*,<= 5.0,29,15.8,66,36.1,20221114
2022,20,Talbot,0101,Easton High,275,*,>= 95.0,*,<= 5.0,57,20.7,59,21.5,67,24.4,*,<= 5.0,73,26.5,*,<= 5.0,*,<= 5.0,*,<= 5.0,78,28.4,143,52.0,20221114
2022,20,Talbot,0202,St. Michaels Middle/High School,58,*,>= 95.0,*,<= 5.0,9,15.5,19,32.8,14,24.1,*,<= 5.0,6,10.3,*,<= 5.0,*,<= 5.0,*,<= 5.0,15,25.9,38,65.5,20221114
2022,20,Talbot,A,All Talbot Schools,333,*,>= 95.0,*,<= 5.0,66,19.8,78,23.4,81,24.3,*,<= 5.0,79,23.7,*,<= 5.0,*,<= 5.0,*,<= 5.0,93,27.9,181,54.4,20221114
2022,21,Washington,0040,Barbara Ingram School for the Arts,74,*,>= 95.0,*,<= 5.0,58,78.4,*,<= 5.0,13,17.6,27,36.5,49,66.2,50,67.6,20,27.0,14,18.9,20,27.0,53,71.6,20221114
2022,21,Washington,0204,Williamsport High,208,*,>= 95.0,*,<= 5.0,105,50.5,55,26.4,48,23.1,53,25.5,87,41.8,67,32.2,25,12.0,121,58.2,34,16.3,89,42.8,20221114
2022,21,Washington,0301,South Hagerstown High,271,*,>= 95.0,*,<= 5.0,147,54.2,102,37.6,17,6.3,44,16.2,94,34.7,65,24.0,23,8.5,165,60.9,39,14.4,85,31.4,20221114
2022,21,Washington,0305,Washington County Technical High,274,*,>= 95.0,*,<= 5.0,*,<= 5.0,103,37.6,158,57.7,106,38.7,126,46.0,135,49.3,34,12.4,*,>= 95.0,50,18.2,173,63.1,20221114
2022,21,Washington,0403,Clear Spring High,96,*,>= 95.0,*,<= 5.0,33,34.4,31,32.3,32,33.3,29,30.2,41,42.7,43,44.8,5,5.2,67,69.8,22,22.9,37,38.5,20221114
2022,21,Washington,0501,Hancock Middle Senior High,26,*,>= 95.0,*,<= 5.0,5,19.2,13,50.0,8,30.8,7,26.9,9,34.6,7,26.9,5,19.2,20,76.9,4,15.4,10,38.5,20221114
2022,21,Washington,0601,Boonsboro High,211,*,>= 95.0,*,<= 5.0,94,44.5,50,23.7,66,31.3,92,43.6,128,60.7,97,46.0,46,21.8,164,77.7,74,35.1,122,57.8,20221114
2022,21,Washington,0701,Smithsburg High,162,*,>= 95.0,*,<= 5.0,96,59.3,24,14.8,42,25.9,57,35.2,101,62.3,89,54.9,29,17.9,95,58.6,41,25.3,89,54.9,20221114
2022,21,Washington,0705,Washington County Job Development Center,10,*,<= 5.0,*,>= 95.0,*,<= 5.0,*,<= 5.0,*,<= 5.0,*,<= 5.0,*,<= 5.0,*,<= 5.0,*,<= 5.0,2,20.0,*,<= 5.0,2,20.0,20221114
2022,21,Washington,2101,North Hagerstown High,279,*,>= 95.0,*,<= 5.0,182,65.2,69,24.7,26,9.3,96,34.4,143,51.3,152,54.5,67,24.0,117,41.9,73,26.2,140,50.2,20221114
2022,21,Washington,2505,Marshall Street School,*,*,*,*,*,*,*,*,*,*,*,*,*,*,*,*,*,*,*,*,*,*,*,*,*,20221114
2022,21,Washington,A,All Washington Schools,1612,*,>= 95.0,*,<= 5.0,729,45.2,450,27.9,410,25.4,511,31.7,778,48.3,705,43.7,254,15.8,1032,64.0,357,22.1,800,49.6,20221114
2022,22,Wicomico,0102,Mardela Middle & High,108,*,>= 95.0,*,<= 5.0,34,31.5,23,21.3,21,19.4,32,29.6,66,61.1,53,49.1,14,13.0,*,<= 5.0,36,33.3,63,58.3,20221114
2022,22,Wicomico,0513,Wicomico High,262,*,>= 95.0,*,<= 5.0,55,21.0,57,21.8,32,12.2,34,13.0,131,50.0,76,29.0,32,12.2,*,<= 5.0,33,12.6,108,41.2,20221114
2022,22,Wicomico,0520,Wicomico County Evening High,33,*,>= 95.0,*,<= 5.0,*,<= 5.0,9,27.3,*,<= 5.0,*,<= 5.0,*,<= 5.0,*,<= 5.0,*,<= 5.0,*,<= 5.0,*,<= 5.0,*,<= 5.0,20221114
2022,22,Wicomico,1307,James M. Bennett High,319,*,>= 95.0,*,<= 5.0,108,33.9,44,13.8,42,13.2,74,23.2,174,54.5,117,36.7,38,11.9,*,<= 5.0,89,27.9,169,53.0,20221114
2022,22,Wicomico,1309,Parkside High,263,*,>= 95.0,*,<= 5.0,79,30.0,40,15.2,59,22.4,78,29.7,161,61.2,116,44.1,25,9.5,*,<= 5.0,84,31.9,143,54.4,20221114
2022,22,Wicomico,A,All Wicomico Schools,985,*,>= 95.0,*,<= 5.0,277,28.1,173,17.6,154,15.6,218,22.1,533,54.1,362,36.8,109,11.1,*,<= 5.0,243,24.7,484,49.1,20221114
2022,23,Worcester,0107,Pocomoke High,75,*,>= 95.0,*,<= 5.0,26,34.7,23,30.7,18,24.0,7,9.3,22,29.3,23,30.7,*,<= 5.0,*,<= 5.0,13,17.3,26,34.7,20221114
2022,23,Worcester,0207,Snow Hill High,81,*,>= 95.0,*,<= 5.0,23,28.4,22,27.2,33,40.7,25,30.9,33,40.7,31,38.3,19,23.5,*,<= 5.0,25,30.9,43,53.1,20221114
2022,23,Worcester,0310,Stephen Decatur High,307,*,>= 95.0,*,<= 5.0,117,38.1,83,27.0,79,25.7,77,25.1,108,35.2,95,30.9,42,13.7,*,<= 5.0,124,40.4,158,51.5,20221114
2022,23,Worcester,0401,Cedar Chapel Special School,*,*,*,*,*,*,*,*,*,*,*,*,*,*,*,*,*,*,*,*,*,*,*,*,*,20221114
2022,23,Worcester,A,All Worcester Schools,467,*,>= 95.0,*,<= 5.0,166,35.5,128,27.4,130,27.8,109,23.3,163,34.9,149,31.9,63,13.5,*,<= 5.0,162,34.7,227,48.6,20221114
2022,30,Baltimore City,0177,George W. F. McMechen High,*,*,*,*,*,*,*,*,*,*,*,*,*,*,*,*,*,*,*,*,*,*,*,*,*,20221114
2022,30,Baltimore City,0178,Excel Academy at Francis M. Wood High,78,*,>= 95.0,*,<= 5.0,62,79.5,*,<= 5.0,16,20.5,*,<= 5.0,*,<= 5.0,9,11.5,*,<= 5.0,*,<= 5.0,*,<= 5.0,*,<= 5.0,20221114
2022,30,Baltimore City,0239,Benjamin Franklin High School at Masonville Cove,101,*,>= 95.0,*,<= 5.0,95,94.1,*,<= 5.0,*,<= 5.0,*,<= 5.0,*,<= 5.0,44,43.6,*,<= 5.0,*,<= 5.0,*,<= 5.0,*,<= 5.0,20221114
2022,30,Baltimore City,0301,William S. Baer School,*,*,*,*,*,*,*,*,*,*,*,*,*,*,*,*,*,*,*,*,*,*,*,*,*,20221114
2022,30,Baltimore City,0307,Claremont School,*,*,*,*,*,*,*,*,*,*,*,*,*,*,*,*,*,*,*,*,*,*,*,*,*,20221114
2022,30,Baltimore City,0325,ConneXions: A Community Based Arts School,56,47,83.9,9,16.1,49,87.5,*,<= 5.0,*,<= 5.0,*,<= 5.0,*,<= 5.0,12,21.4,*,<= 5.0,*,<= 5.0,*,<= 5.0,10,17.9,20221114
2022,30,Baltimore City,0333,Independence School Local I,24,*,>= 95.0,*,<= 5.0,*,>= 95.0,*,<= 5.0,*,<= 5.0,*,<= 5.0,*,<= 5.0,9,37.5,*,<= 5.0,*,<= 5.0,*,<= 5.0,*,<= 5.0,20221114
2022,30,Baltimore City,0341,The Reach! Partnership School,141,*,>= 95.0,*,<= 5.0,72,51.1,*,<= 5.0,67,47.5,*,<= 5.0,*,<= 5.0,40,28.4,*,<= 5.0,*,<= 5.0,*,<= 5.0,12,8.5,20221114
2022,30,Baltimore City,0345,Joseph C. Briscoe Academy,*,*,*,*,*,*,*,*,*,*,*,*,*,*,*,*,*,*,*,*,*,*,*,*,*,20221114
2022,30,Baltimore City,0348,Baltimore Leadership School for Young Women,57,*,>= 95.0,*,<= 5.0,*,>= 95.0,*,<= 5.0,*,<= 5.0,8,14.0,25,43.9,25,43.9,7,12.3,*,<= 5.0,10,17.5,21,36.8,20221114
2022,30,Baltimore City,0362,Bard High School Early College,105,*,>= 95.0,*,<= 5.0,*,>= 95.0,*,<= 5.0,*,<= 5.0,8,7.6,14,13.3,35,33.3,*,<= 5.0,*,<= 5.0,25,23.8,30,28.6,20221114
2022,30,Baltimore City,0364,Bluford Drew Jemison STEM Academy West,18,*,>= 95.0,*,<= 5.0,*,>= 95.0,*,<= 5.0,*,<= 5.0,*,<= 5.0,1,5.6,3,16.7,*,<= 5.0,*,<= 5.0,*,<= 5.0,2,11.1,20221114
2022,30,Baltimore City,0376,City Neighbors High,91,*,>= 95.0,*,<= 5.0,*,>= 95.0,*,<= 5.0,*,<= 5.0,*,<= 5.0,5,5.5,22,24.2,*,<= 5.0,*,<= 5.0,*,<= 5.0,27,29.7,20221114
2022,30,Baltimore City,0377,Green Street Academy,118,*,>= 95.0,*,<= 5.0,75,63.6,*,<= 5.0,43,36.4,*,<= 5.0,*,<= 5.0,75,63.6,*,<= 5.0,*,<= 5.0,*,<= 5.0,21,17.8,20221114
2022,30,Baltimore City,0382,Baltimore Design School,71,*,>= 95.0,*,<= 5.0,54,76.1,*,<= 5.0,17,23.9,*,<= 5.0,*,<= 5.0,26,36.6,*,<= 5.0,*,<= 5.0,9,12.7,24,33.8,20221114
2022,30,Baltimore City,0400,Edmondson-Westside High,168,159,94.6,9,5.4,92,54.8,*,<= 5.0,68,40.5,*,<= 5.0,*,<= 5.0,37,22.0,*,<= 5.0,*,<= 5.0,*,<= 5.0,23,13.7,20221114
2022,30,Baltimore City,0403,Baltimore Polytechnic Institute,418,*,>= 95.0,*,<= 5.0,364,87.1,*,<= 5.0,54,12.9,141,33.7,47,11.2,367,87.8,211,50.5,*,<= 5.0,214,51.2,219,52.4,20221114
2022,30,Baltimore City,0405,Patterson High,193,*,>= 95.0,*,<= 5.0,132,68.4,*,<= 5.0,57,29.5,*,<= 5.0,*,<= 5.0,60,31.1,*,<= 5.0,*,<= 5.0,*,<= 5.0,25,13.0,20221114
2022,30,Baltimore City,0406,Forest Park High,129,*,>= 95.0,*,<= 5.0,84,65.1,*,<= 5.0,45,34.9,*,<= 5.0,*,<= 5.0,45,34.9,*,<= 5.0,*,<= 5.0,*,<= 5.0,20,15.5,20221114
2022,30,Baltimore City,0407,Western High,273,*,>= 95.0,*,<= 5.0,191,70.0,*,<= 5.0,82,30.0,16,5.9,*,<= 5.0,157,57.5,34,12.5,*,<= 5.0,45,16.5,81,29.7,20221114
2022,30,Baltimore City,0410,Mergenthaler Vocational-Technical High,348,*,>= 95.0,*,<= 5.0,151,43.4,*,<= 5.0,191,54.9,*,<= 5.0,*,<= 5.0,62,17.8,*,<= 5.0,*,<= 5.0,*,<= 5.0,31,8.9,20221114
2022,30,Baltimore City,0413,Achievement Academy at Harbor City High,55,*,>= 95.0,*,<= 5.0,48,87.3,*,<= 5.0,7,12.7,*,<= 5.0,*,<= 5.0,8,14.5,*,<= 5.0,*,<= 5.0,*,<= 5.0,*,<= 5.0,20221114
2022,30,Baltimore City,0414,Paul Laurence Dunbar High,206,*,>= 95.0,*,<= 5.0,117,56.8,*,<= 5.0,82,39.8,*,<= 5.0,16,7.8,75,36.4,*,<= 5.0,*,<= 5.0,11,5.3,35,17.0,20221114
2022,30,Baltimore City,0415,Baltimore School for the Arts,101,*,>= 95.0,*,<= 5.0,*,>= 95.0,*,<= 5.0,*,<= 5.0,18,17.8,29,28.7,70,69.3,*,<= 5.0,*,<= 5.0,55,54.5,69,68.3,20221114
2022,30,Baltimore City,0416,Digital Harbor High School,193,*,>= 95.0,*,<= 5.0,58,30.1,*,<= 5.0,135,69.9,*,<= 5.0,*,<= 5.0,51,26.4,10,5.2,*,<= 5.0,*,<= 5.0,29,15.0,20221114
2022,30,Baltimore City,0419,Reginald F. Lewis High,101,94,93.1,7,6.9,90,89.1,*,<= 5.0,7,6.9,*,<= 5.0,*,<= 5.0,10,9.9,*,<= 5.0,*,<= 5.0,*,<= 5.0,6,5.9,20221114
2022,30,Baltimore City,0421,National Academy Foundation,84,*,>= 95.0,*,<= 5.0,30,35.7,*,<= 5.0,52,61.9,*,<= 5.0,*,<= 5.0,49,58.3,*,<= 5.0,*,<= 5.0,*,<= 5.0,10,11.9,20221114
2022,30,Baltimore City,0422,New Era Academy,59,*,>= 95.0,*,<= 5.0,46,78.0,*,<= 5.0,13,22.0,*,<= 5.0,*,<= 5.0,5,8.5,*,<= 5.0,*,<= 5.0,*,<= 5.0,6,10.2,20221114
2022,30,Baltimore City,0427,Academy for College and Career Exploration,114,*,>= 95.0,*,<= 5.0,*,>= 95.0,*,<= 5.0,*,<= 5.0,*,<= 5.0,*,<= 5.0,36,31.6,*,<= 5.0,*,<= 5.0,*,<= 5.0,20,17.5,20221114
2022,30,Baltimore City,0429,Vivien T. Thomas Medical Arts Academy,64,*,>= 95.0,*,<= 5.0,15,23.4,*,<= 5.0,49,76.6,*,<= 5.0,*,<= 5.0,12,18.8,*,<= 5.0,*,<= 5.0,*,<= 5.0,4,6.3,20221114
2022,30,Baltimore City,0430,Augusta Fells Savage Institute of Visual Arts,51,*,>= 95.0,*,<= 5.0,33,64.7,*,<= 5.0,16,31.4,*,<= 5.0,*,<= 5.0,14,27.5,*,<= 5.0,*,<= 5.0,*,<= 5.0,3,5.9,20221114
2022,30,Baltimore City,0432,Coppin Academy,64,*,>= 95.0,*,<= 5.0,*,>= 95.0,*,<= 5.0,*,<= 5.0,*,<= 5.0,*,<= 5.0,22,34.4,*,<= 5.0,*,<= 5.0,*,<= 5.0,9,14.1,20221114
2022,30,Baltimore City,0433,Renaissance Academy,24,*,>= 95.0,*,<= 5.0,*,>= 95.0,*,<= 5.0,*,<= 5.0,*,<= 5.0,*,<= 5.0,5,20.8,*,<= 5.0,*,<= 5.0,*,<= 5.0,*,<= 5.0,20221114
2022,30,Baltimore City,0450,Frederick Douglass High,*,*,>= 95.0,*,<= 5.0,*,>= 95.0,*,<= 5.0,*,<= 5.0,*,<= 5.0,*,<= 5.0,*,<= 5.0,*,<= 5.0,*,<= 5.0,*,<= 5.0,*,<= 5.0,20221114
2022,30,Baltimore City,0454,Carver Vocational-Technical High,171,*,>= 95.0,*,<= 5.0,36,21.1,*,<= 5.0,135,78.9,*,<= 5.0,*,<= 5.0,45,26.3,*,<= 5.0,*,<= 5.0,*,<= 5.0,18,10.5,20221114
2022,30,Baltimore City,0480,Baltimore City College,281,*,>= 95.0,*,<= 5.0,*,>= 95.0,*,<= 5.0,*,<= 5.0,87,31.0,158,56.2,151,53.7,104,37.0,*,<= 5.0,100,35.6,120,42.7,20221114
2022,30,Baltimore City,A,All Baltimore City Schools,4099,*,>= 95.0,*,<= 5.0,2898,70.7,*,<= 5.0,1147,28.0,282,6.9,330,8.1,1587,38.7,407,9.9,*,<= 5.0,501,12.2,886,21.6,20221114
2022,32,SEED,1000,The Seed School of Maryland,35,*,>= 95.0,*,<= 5.0,*,>= 95.0,*,<= 5.0,*,<= 5.0,*,<= 5.0,*,<= 5.0,14,40.0,9,25.7,*,<= 5.0,*,<= 5.0,26,74.3,20221114
2022,32,SEED,A,All SEED Schools,35,*,>= 95.0,*,<= 5.0,*,>= 95.0,*,<= 5.0,*,<= 5.0,*,<= 5.0,*,<= 5.0,14,40.0,9,25.7,*,<= 5.0,*,<= 5.0,26,74.3,20221114
2022,A,State,A,All Maryland Schools,60351,59735,99.0,616,1.0,33878,56.1,4807,8.0,11058,18.3,19328,32.0,35794,59.3,28337,47.0,21135,35.0,2383,3.9,18131,30.0,32474,53.8,20221114
